;per mille
;d18O
1997-01-01;-0.04478179219053888
1997-01-02;-0.08996843962662837
1997-01-03;-0.13519577335149396
1997-01-04;-0.18042717771957098
1997-01-05;-0.2256589891721192
1997-01-06;-0.27089084133331603
1997-01-07;-0.31612269756537975
1997-01-08;-0.36135455420453017
1997-01-09;-0.40658641088438924
1997-01-10;-0.4518182675683192
1997-01-11;-0.4958637250702356
1997-01-12;-0.5398984567859116
1997-01-13;-0.5839321106041387
1997-01-14;-0.6279656565792554
1997-01-15;-0.6719991917695273
1997-01-16;-0.7160327258813093
1997-01-17;-0.7600662598852421
1997-01-18;-0.8040997938783901
1997-01-19;-0.8481333278704598
1997-01-20;-0.8930029709168243
1997-01-21;-0.9371960836825711
1997-01-22;-1.0016784185471295
1997-01-23;-1.0663436841155076
1997-01-24;-1.1310273337081505
1997-01-25;-1.1957128226157907
1997-01-26;-1.2603984954640595
1997-01-27;-1.3250841867064826
1997-01-28;-1.389769879788322
1997-01-29;-1.454455573054103
1997-01-30;-1.519141266338278
1997-01-31;-1.5838269596242927
1997-02-01;-1.6485126529104912
1997-02-02;-1.7131983461967084
1997-02-03;-1.7778840394829272
1997-02-04;-1.8425697327691462
1997-02-05;-1.907255426055365
1997-02-06;-1.9502846280006483
1997-02-07;-2.000598684171874
1997-02-08;-2.0509606940970517
1997-02-09;-2.1013275319604565
1997-02-10;-2.151694852944427
1997-02-11;-2.2020622222437223
1997-02-12;-2.213319618231565
1997-02-13;-2.2163074457237526
1997-02-14;-2.1910595094744423
1997-02-15;-2.096877229619721
1997-02-16;-2.102851495532374
1997-02-17;-2.10967203863003
1997-02-18;-2.116577658265724
1997-02-19;-2.158796723233501
1997-02-20;-2.1890871677244013
1997-02-21;-2.2299625688965445
1997-02-22;-2.2709264642775473
1997-02-23;-2.3118992563507477
1997-02-24;-2.3528729385674714
1997-02-25;-2.3776784914268085
1997-02-26;-2.22624552187003
1997-02-27;-2.2657333023912374
1997-02-28;-2.303802180038547
1997-03-01;-2.342002720001164
1997-03-02;-2.380216421335508
1997-03-03;-2.4184314387580073
1997-03-04;-2.456646587788832
1997-03-05;-2.494861749980485
1997-03-06;-2.537393201707335
1997-03-07;-2.57996367549505
1997-03-08;-2.6225380708394894
1997-03-09;-2.6651128585337522
1997-03-10;-2.70768768546494
1997-03-11;-2.750262516319839
1997-03-12;-2.7928373475671093
1997-03-13;-2.835412178853617
1997-03-14;-2.8779870101440483
1997-03-15;-2.9205618414348726
1997-03-16;-2.957395796769276
1997-03-17;-2.9575000324047953
1997-03-18;-2.957267461908646
1997-03-19;-2.957001046108339
1997-03-20;-2.9757611847957124
1997-03-21;-3.0107462175188013
1997-03-22;-3.0516345127193216
1997-03-23;-3.0925910204852194
1997-03-24;-3.0964513072940445
1997-03-25;-3.128915111651526
1997-03-26;-3.171366383750799
1997-03-27;-3.2139288136277018
1997-03-28;-3.136669684937747
1997-03-29;-3.150093544043371
1997-03-30;-3.192305741945021
1997-03-31;-3.122520976373876
1997-04-01;-3.0517534930021673
1997-04-02;-2.9808872355900644
1997-04-03;-2.91001109573454
1997-04-04;-2.8391339675842633
1997-04-05;-2.880579942905684
1997-04-06;-2.823340557405876
1997-04-07;-2.8646408943088835
1997-04-08;-2.906758945118135
1997-04-09;-2.948959208237291
1997-04-10;-2.9911676970114596
1997-04-11;-3.033377008395384
1997-04-12;-3.0462812151312733
1997-04-13;-3.0589204929824474
1997-04-14;-3.071533146565124
1997-04-15;-3.084143136402772
1997-04-16;-3.0967528598527307
1997-04-17;-3.1093625566637884
1997-04-18;-3.1219722508109546
1997-04-19;-3.1345819446917313
1997-04-20;-3.1471916385458703
1997-04-21;-3.151050109786298
1997-04-22;-3.154829464532774
1997-04-23;-3.1586008683966686
1997-04-24;-3.1623714767786657
1997-04-25;-3.166142005608535
1997-04-26;-3.1699125264831527
1997-04-27;-3.1830183105878382
1997-04-28;-3.225291429130074
1997-04-29;-3.1989831047014126
1997-04-30;-3.2112158785991496
1997-05-01;-3.246869596518785
1997-05-02;-3.2827619677645425
1997-05-03;-3.3186783097544414
1997-05-04;-3.354597049876331
1997-05-05;-3.390516029821998
1997-05-06;-3.4316981183181974
1997-05-07;-3.474254304337255
1997-05-08;-3.5158387165270604
1997-05-09;-3.5546868059445087
1997-05-10;-3.5972271108047673
1997-05-11;-3.6397984727414037
1997-05-12;-3.682372956929181
1997-05-13;-3.724947753508062
1997-05-14;-3.7675225813277136
1997-05-15;-3.81009741227146
1997-05-16;-3.8526722435276146
1997-05-17;-3.8952470748150114
1997-05-18;-3.9378219061055315
1997-05-19;-3.9542889225932636
1997-05-20;-3.9705199082020486
1997-05-21;-4.012834988480366
1997-05-22;-4.054173257797642
1997-05-23;-4.095719877634237
1997-05-24;-4.137269517413865
1997-05-25;-4.094656286668707
1997-05-26;-4.05128219879729
1997-05-27;-4.007831647895831
1997-05-28;-3.9643734469056158
1997-05-29;-3.9209144808686567
1997-05-30;-3.877455438326643
1997-05-31;-3.8339963881341217
1997-06-01;-3.7905373371765476
1997-06-02;-3.7470782861424703
1997-06-03;-3.7036192351007418
1997-06-04;-3.7453380149592714
1997-06-05;-3.6868512183865327
1997-06-06;-3.6275289271930893
1997-06-07;-3.5681226376783948
1997-06-08;-3.5087079438279085
1997-06-09;-3.550268046482681
1997-06-10;-3.592740947631483
1997-06-11;-3.6353055813202557
1997-06-12;-3.67787939280502
1997-06-13;-3.691580842468238
1997-06-14;-3.662413479073312
1997-06-15;-3.7043158426006095
1997-06-16;-3.7468231053544763
1997-06-17;-3.7892956694986144
1997-06-18;-3.8315198665173877
1997-06-19;-3.873468944803113
1997-06-20;-3.9149839451562998
1997-06-21;-3.9565112456795366
1997-06-22;-3.9939578194619445
1997-06-23;-4.036231750064337
1997-06-24;-4.074926558334181
1997-06-25;-4.117406389210118
1997-06-26;-4.156354413411074
1997-06-27;-4.194947357308925
1997-06-28;-4.237483157015219
1997-06-29;-4.276928680921977
1997-06-30;-4.3175383764239585
1997-07-01;-4.360027691917427
1997-07-02;-4.402534757030662
1997-07-03;-4.445043605547576
1997-07-04;-4.487390970634496
1997-07-05;-4.5286796932911315
1997-07-06;-4.570102929452071
1997-07-07;-4.612631377570786
1997-07-08;-4.655204739044801
1997-07-09;-4.697779423145714
1997-07-10;-4.740354239715499
1997-07-11;-4.782929069534237
1997-07-12;-4.825261989412776
1997-07-13;-4.867592722395554
1997-07-14;-4.909923235604229
1997-07-15;-4.946595971616629
1997-07-16;-4.989117222278266
1997-07-17;-5.031686669046033
1997-07-18;-5.049040176080002
1997-07-19;-5.070501429878632
1997-07-20;-5.111987078037056
1997-07-21;-5.148182773584278
1997-07-22;-5.184347337955519
1997-07-23;-5.220508765576908
1997-07-24;-5.225197294539273
1997-07-25;-5.229601260373112
1997-07-26;-5.250440277311212
1997-07-27;-5.292460876109134
1997-07-28;-5.334686321664446
1997-07-29;-5.376932346942007
1997-07-30;-5.41950370054119
1997-07-31;-5.462078182598834
1997-08-01;-5.499442338033019
1997-08-02;-5.539224940253672
1997-08-03;-5.578516746162649
1997-08-04;-5.617805722933392
1997-08-05;-5.657094414619826
1997-08-06;-5.696383077776049
1997-08-07;-5.735281999083491
1997-08-08;-5.7741773966227585
1997-08-09;-5.816715652387586
1997-08-10;-5.859286809627369
1997-08-11;-5.901861273347599
1997-08-12;-5.944436067879746
1997-08-13;-5.987010895494723
1997-08-14;-6.029585726418002
1997-08-15;-6.072160557672111
1997-08-16;-6.1147353889593035
1997-08-17;-6.157310220249803
1997-08-18;-6.199885051540634
1997-08-19;-6.242459882831498
1997-08-20;-6.285034714122365
1997-08-21;-6.327609545413233
1997-08-22;-6.370184376704101
1997-08-23;-6.412759207994968
1997-08-24;-6.455334039285835
1997-08-25;-6.497908870576703
1997-08-26;-6.54048370186757
1997-08-27;-6.583058533158438
1997-08-28;-6.6162962683371855
1997-08-29;-6.657427148691252
1997-08-30;-6.699777487279416
1997-08-31;-6.742348392889499
1997-09-01;-6.784749528470942
1997-09-02;-6.827149451475326
1997-09-03;-6.869722554617468
1997-09-04;-6.912159277934341
1997-09-05;-6.954594910470481
1997-09-06;-6.99703043331796
1997-09-07;-7.03787793149562
1997-09-08;-7.044337485789135
1997-09-09;-7.050484838598998
1997-09-10;-7.056600817086566
1997-09-11;-7.062713656595028
1997-09-12;-7.068826182190104
1997-09-13;-7.018448374958572
1997-09-14;-7.054738409082357
1997-09-15;-7.091765267206809
1997-09-16;-7.128866196026279
1997-09-17;-7.165974535811219
1997-09-18;-7.203083616731678
1997-09-19;-7.240192771766079
1997-09-20;-7.277301934211878
1997-09-21;-7.313050279167682
1997-09-22;-7.348786321554669
1997-09-23;-7.384521127583999
1997-09-24;-7.420255809916354
1997-09-25;-7.455990479878397
1997-09-26;-7.491725148603404
1997-09-27;-7.527459817204707
1997-09-28;-7.563194485793639
1997-09-29;-7.598929154381334
1997-09-30;-7.634663822968907
1997-10-01;-7.670398491556467
1997-10-02;-7.7061331601440255
1997-10-03;-7.741867828731584
1997-10-04;-7.777602497319142
1997-10-05;-7.813337165906701
1997-10-06;-7.849071834494259
1997-10-07;-7.884806503081817
1997-10-08;-7.8841958606172575
1997-10-09;-7.883256633942222
1997-10-10;-7.8822843859040645
1997-10-11;-7.921788691598855
1997-10-12;-7.753495418096667
1997-10-13;-7.761264665254208
1997-10-14;-7.799429235223546
1997-10-15;-7.802997742137377
1997-10-16;-7.829926619833524
1997-10-17;-7.87232704989178
1997-10-18;-7.914884370778828
1997-10-19;-7.957457450324219
1997-10-20;-8.00033911533421
1997-10-21;-8.043223713558923
1997-10-22;-8.086210942781792
1997-10-23;-8.128943285921444
1997-10-24;-8.171519907576942
1997-10-25;-8.214094918611009
1997-10-26;-8.256669767883285
1997-10-27;-8.299244600972367
1997-10-28;-8.341819432443058
1997-10-29;-8.384394263751906
1997-10-30;-8.426969095044571
1997-10-31;-8.469543926335621
1997-11-01;-8.512118757626505
1997-11-02;-8.554693588917374
1997-11-03;-8.597268420208241
1997-11-04;-8.639843251499109
1997-11-05;-8.682418082789976
1997-11-06;-8.771658266990938
1997-11-07;-8.861320334997506
1997-11-08;-8.951024800593173
1997-11-09;-9.023745682206727
1997-11-10;-9.174907686104318
1997-11-11;-9.326764839359015
1997-11-12;-9.478691859136516
1997-11-13;-9.532178348261644
1997-11-14;-9.59981894577512
1997-11-15;-9.66750617117391
1997-11-16;-9.735198122375184
1997-11-17;-9.793912203806173
1997-11-18;-9.85254516276168
1997-11-19;-9.911169969218303
1997-11-20;-9.969793960021182
1997-11-21;-10.016214320167785
1997-11-22;-10.062656803961511
1997-11-23;-10.10908939697786
1997-11-24;-10.155521000961379
1997-11-25;-10.20195250604208
1997-11-26;-10.248384001232507
1997-11-27;-10.294815495433905
1997-11-28;-10.341246989536401
1997-11-29;-10.386854931236645
1997-11-30;-10.439850121718571
1997-12-01;-10.503323883210332
1997-12-02;-10.557983324803892
1997-12-03;-10.600742015021819
1997-12-04;-10.643331858143116
1997-12-05;-10.686027926408048
1997-12-06;-10.728723867002993
1997-12-07;-10.771419795352921
1997-12-08;-10.814115722483585
1997-12-09;-10.856811649492375
1997-12-10;-10.899497300136238
1997-12-11;-10.94449332451577
1997-12-12;-10.989779125510426
1997-12-13;-11.033548555533018
1997-12-14;-11.076691534191294
1997-12-15;-11.119528762578044
1997-12-16;-11.171466035860407
1997-12-17;-11.223485269235214
1997-12-18;-11.275512739417755
1997-12-19;-11.32754103369042
1997-12-20;-11.379569410376194
1997-12-21;-11.469955841222044
1997-12-22;-11.518967936534962
1997-12-23;-11.561831640537779
1997-12-24;-11.604608435388572
1997-12-25;-11.647397662825327
1997-12-26;-11.721849840280525
1997-12-27;-11.773089014261197
1997-12-28;-11.822092817120438
1997-12-29;-11.861186587037285
1997-12-30;-11.90018738644099
1997-12-31;-11.939178844428307
1998-01-01;-11.978169367828857
1998-01-02;-12.017159797766281
1998-01-03;-12.056485671982546
1998-01-04;-12.095408502532488
1998-01-05;-12.136782074689503
1998-01-06;-12.171680287998335
1998-01-07;-12.212630745389989
1998-01-08;-12.256573856903588
1998-01-09;-12.300548557450632
1998-01-10;-12.344526430367344
1998-01-11;-12.388504620656125
1998-01-12;-12.432482842683468
1998-01-13;-12.476461067884678
1998-01-14;-12.520439293403276
1998-01-15;-12.563251389988116
1998-01-16;-12.623296765981816
1998-01-17;-12.674961905789605
1998-01-18;-12.726416576509546
1998-01-19;-12.805379385064235
1998-01-20;-12.865559964826419
1998-01-21;-12.923955880348139
1998-01-22;-12.970859395624547
1998-01-23;-13.01765631181744
1998-01-24;-13.064442516630242
1998-01-25;-13.116090655687278
1998-01-26;-13.162593734591812
1998-01-27;-13.209054309999352
1998-01-28;-13.255510612013158
1998-01-29;-13.301966486456372
1998-01-30;-13.348422318140218
1998-01-31;-13.3948781455481
1998-02-01;-13.441333972528385
1998-02-02;-13.487789799465911
1998-02-03;-13.534245626399162
1998-02-04;-13.580701453331985
1998-02-05;-13.627157280264763
1998-02-06;-13.67361310719754
1998-02-07;-13.720068934130314
1998-02-08;-13.96255801253616
1998-02-09;-14.206819353423676
1998-02-10;-14.451258799409022
1998-02-11;-14.69571606472194
1998-02-12;-14.940175112055824
1998-02-13;-15.184634337592687
1998-02-14;-15.429093580949855
1998-02-15;-15.673552826089056
1998-02-16;-15.918012071406459
1998-02-17;-16.16247131674168
1998-02-18;-16.406930562078685
1998-02-19;-16.651389807415867
1998-02-20;-16.895849052753064
1998-02-21;-17.140308298090265
1998-02-22;-17.384767543427465
1998-02-23;-17.81394005556352
1998-02-24;-17.87571271838395
1998-02-25;-17.92147316735306
1998-02-26;-17.964123266344803
1998-02-27;-18.006705637273434
1998-02-28;-18.04928122265716
1998-03-01;-18.08633907383401
1998-03-02;-18.12411087952476
1998-03-03;-18.161884572064377
1998-03-04;-18.199658456465407
1998-03-05;-18.237432360084462
1998-03-06;-18.275566996179162
1998-03-07;-18.31374733258323
1998-03-08;-18.328968941660484
1998-03-09;-18.35219497943949
1998-03-10;-18.39364911893733
1998-03-11;-18.4352729437626
1998-03-12;-18.476913818959925
1998-03-13;-18.51891131791073
1998-03-14;-18.55551744412764
1998-03-15;-18.59207513795059
1998-03-16;-18.6260725555194
1998-03-17;-18.668308872219225
1998-03-18;-18.709055877809114
1998-03-19;-18.749796034903838
1998-03-20;-18.79235268014167
1998-03-21;-18.827543392379358
1998-03-22;-18.853015241424966
1998-03-23;-18.878393271758018
1998-03-24;-18.918952362521832
1998-03-25;-18.961493414792425
1998-03-26;-19.00406485913325
1998-03-27;-19.046639351638355
1998-03-28;-19.089214149049745
1998-03-29;-19.131788976952652
1998-03-30;-19.174363807904722
1998-03-31;-19.216938639161715
1998-04-01;-19.25951347044919
1998-04-02;-19.269695202081376
1998-04-03;-19.308580021912896
1998-04-04;-19.32124090011957
1998-04-05;-19.343156857232913
1998-04-06;-19.386658954963114
1998-04-07;-19.43036206083963
1998-04-08;-19.47294609667986
1998-04-09;-19.519116163105117
1998-04-10;-19.565317891331073
1998-04-11;-19.607928492269853
1998-04-12;-19.665814824352896
1998-04-13;-19.718412759340875
1998-04-14;-19.765904702597222
1998-04-15;-19.81334723656407
1998-04-16;-19.860784806632786
1998-04-17;-19.9076442231925
1998-04-18;-19.972405731261613
1998-04-19;-20.02373762032737
1998-04-20;-20.09721869134497
1998-04-21;-20.170890243405918
1998-04-22;-20.214505098202586
1998-04-23;-20.25784996438704
1998-04-24;-20.301167696885216
1998-04-25;-20.343750191804094
1998-04-26;-20.386325792775203
1998-04-27;-20.428900701067377
1998-04-28;-20.484864430073053
1998-04-29;-20.54282119889805
1998-04-30;-20.600807055513492
1998-05-01;-20.658795829902726
1998-05-02;-20.733083529748455
1998-05-03;-20.775959082101174
1998-05-04;-20.82120934910963
1998-05-05;-20.863811117702102
1998-05-06;-20.90638865459636
1998-05-07;-20.948963756566698
1998-05-08;-20.991538614926707
1998-05-09;-21.0341134489245
1998-05-10;-21.07668828048606
1998-05-11;-21.119263111804
1998-05-12;-21.161837943097566
1998-05-13;-21.20441277438871
1998-05-14;-21.246987605679603
1998-05-15;-21.289562436970474
1998-05-16;-21.33213726826134
1998-05-17;-21.37471209955221
1998-05-18;-21.417286930843076
1998-05-19;-21.457540042527853
1998-05-20;-21.497772164423807
1998-05-21;-21.538002176932224
1998-05-22;-21.57823197839745
1998-05-23;-21.619654864666003
1998-05-24;-21.661088535243262
1998-05-25;-21.702523289600286
1998-05-26;-21.74508676608636
1998-05-27;-21.78444659492357
1998-05-28;-21.821886623401454
1998-05-29;-21.859306731848086
1998-05-30;-21.901830473059437
1998-05-31;-21.944400172221847
1998-06-01;-21.9869744900679
1998-06-02;-22.02954927001197
1998-06-03;-22.057906995758685
1998-06-04;-22.076803944173935
1998-06-05;-22.09560360682363
1998-06-06;-22.11439349841924
1998-06-07;-22.133182412483272
1998-06-08;-22.175520579724502
1998-06-09;-22.17949590552047
1998-06-10;-22.183143877385316
1998-06-11;-22.138894703929758
1998-06-12;-22.05696071247667
1998-06-13;-22.094835332205665
1998-06-14;-22.137257904806773
1998-06-15;-22.15868869048202
1998-06-16;-22.195114378837445
1998-06-17;-22.237616009789313
1998-06-18;-22.280183493391426
1998-06-19;-22.32275758963598
1998-06-20;-22.365332347419443
1998-06-21;-22.40790717135954
1998-06-22;-22.45048200191533
1998-06-23;-22.49305683313269
1998-06-24;-22.534847132987615
1998-06-25;-22.57663034019724
1998-06-26;-22.610916200974156
1998-06-27;-22.6196950582181
1998-06-28;-22.6619574345628
1998-06-29;-22.704500868812374
1998-06-30;-22.74707255887861
1998-07-01;-22.750548970168463
1998-07-02;-22.753672192994884
1998-07-03;-22.78194049114059
1998-07-04;-22.82435042253366
1998-07-05;-22.86013599477763
1998-07-06;-22.89587523565914
1998-07-07;-22.931609813678605
1998-07-08;-22.956651486263915
1998-07-09;-22.99906158962822
1998-07-10;-23.041619869519568
1998-07-11;-23.0841930448818
1998-07-12;-23.087247861180863
1998-07-13;-23.08994554250961
1998-07-14;-23.13212718255841
1998-07-15;-23.15000556303141
1998-07-16;-23.167696575793464
1998-07-17;-23.21002569576263
1998-07-18;-23.252575844270826
1998-07-19;-23.29514820616323
1998-07-20;-23.337722790503054
1998-07-21;-23.380297597098703
1998-07-22;-23.397151839922554
1998-07-23;-23.41377355487917
1998-07-24;-23.430371901739395
1998-07-25;-23.47268849663054
1998-07-26;-23.393132290067786
1998-07-27;-23.31249552243745
1998-07-28;-23.31283768408457
1998-07-29;-23.35491962780903
1998-07-30;-23.383956177348495
1998-07-31;-23.412915308189604
1998-08-01;-23.391305381358965
1998-08-02;-23.4223805538953
1998-08-03;-23.461084185361425
1998-08-04;-23.50360958133096
1998-08-05;-23.546179451923994
1998-08-06;-23.587560577611043
1998-08-07;-23.628931362559626
1998-08-08;-23.67030110808672
1998-08-09;-23.71167074961801
1998-08-10;-23.753040380749177
1998-08-11;-23.79441001084033
1998-08-12;-23.83577964082748
1998-08-13;-23.877149270804228
1998-08-14;-23.918518900779937
1998-08-15;-23.959888530755542
1998-08-16;-24.001258160731137
1998-08-17;-24.04262779070673
1998-08-18;-24.083997420682326
1998-08-19;-24.108226369848786
1998-08-20;-24.132300356603107
1998-08-21;-24.156358770271687
1998-08-22;-24.16301980390444
1998-08-23;-24.201405857693562
1998-08-24;-24.218530319180616
1998-08-25;-24.257306475357254
1998-08-26;-24.299825348329414
1998-08-27;-24.34239456667453
1998-08-28;-24.384968836499148
1998-08-29;-24.427543611641678
1998-08-30;-24.47011843731769
1998-08-31;-24.512693268047062
1998-09-01;-24.555268099281783
1998-09-02;-24.59784293056703
1998-09-03;-24.640852913989452
1998-09-04;-24.683431679326105
1998-09-05;-24.72830535658505
1998-09-06;-24.771036583664017
1998-09-07;-24.81361473285586
1998-09-08;-24.856189896648026
1998-09-09;-24.89988962504437
1998-09-10;-24.943599492977846
1998-09-11;-24.989157437416367
1998-09-12;-25.033490983716188
1998-09-13;-25.076786519929993
1998-09-14;-25.11994857975232
1998-09-15;-25.162609085352045
1998-09-16;-25.204770837022334
1998-09-17;-25.2455462876583
1998-09-18;-25.28810452091186
1998-09-19;-25.318482253270236
1998-09-20;-25.348751232353827
1998-09-21;-25.379009281515934
1998-09-22;-25.409266237138137
1998-09-23;-25.439523083400875
1998-09-24;-25.469779918727607
1998-09-25;-25.500036752960735
1998-09-26;-25.530293587084504
1998-09-27;-25.560550421197334
1998-09-28;-25.595691347845012
1998-09-29;-25.633767417833038
1998-09-30;-25.6558700250185
1998-10-01;-25.71347024024608
1998-10-02;-25.765142834094554
1998-10-03;-25.816790010153966
1998-10-04;-25.865379179505457
1998-10-05;-25.908016659242197
1998-10-06;-25.973232970114832
1998-10-07;-26.03864825480042
1998-10-08;-26.083061808937515
1998-10-09;-26.125673855814487
1998-10-10;-26.16825241692571
1998-10-11;-26.23048531534496
1998-10-12;-26.27576331523185
1998-10-13;-26.31837884146824
1998-10-14;-26.36095119023733
1998-10-15;-26.403263801579918
1998-10-16;-26.445836293951288
1998-10-17;-26.488332119503937
1998-10-18;-26.52503123608913
1998-10-19;-26.567395338660067
1998-10-20;-26.60996340059901
1998-10-21;-26.652209342863937
1998-10-22;-26.694452928001716
1998-10-23;-26.736696275965
1998-10-24;-26.76468210913584
1998-10-25;-26.77971255277284
1998-10-26;-26.811188744714155
1998-10-27;-26.850147197300146
1998-10-28;-26.892677986171485
1998-10-29;-26.934795147527886
1998-10-30;-26.976774113404815
1998-10-31;-27.019280108021665
1998-11-01;-27.060575082580325
1998-11-02;-27.103138238008512
1998-11-03;-27.143757820160374
1998-11-04;-27.184245228560524
1998-11-05;-27.22623525123656
1998-11-06;-27.268046505202918
1998-11-07;-27.30985736286172
1998-11-08;-27.35166818009617
1998-11-09;-27.39347899328022
1998-11-10;-27.429119909220674
1998-11-11;-27.47156832399691
1998-11-12;-27.51420238791257
1998-11-13;-27.557041809988725
1998-11-14;-27.602199723712477
1998-11-15;-27.652077019822176
1998-11-16;-27.701778347088148
1998-11-17;-27.746342821365687
1998-11-18;-27.789736160771785
1998-11-19;-27.833114685666587
1998-11-20;-27.876590981483275
1998-11-21;-27.919726138472967
1998-11-22;-27.96438420092995
1998-11-23;-28.009055755576775
1998-11-24;-28.053728666268206
1998-11-25;-28.098401712632576
1998-11-26;-28.14307477256493
1998-11-27;-28.1877478338541
1998-11-28;-28.233986023807205
1998-11-29;-28.280238363508925
1998-11-30;-28.32434363058617
1998-12-01;-28.3679600776473
1998-12-02;-28.41157034201079
1998-12-03;-28.455179985902863
1998-12-04;-28.498789567725705
1998-12-05;-28.54137469557745
1998-12-06;-28.585202663986326
1998-12-07;-28.629667072775234
1998-12-08;-28.672445001423586
1998-12-09;-28.7150233261945
1998-12-10;-28.74303044244404
1998-12-11;-28.755628340457136
1998-12-12;-28.78612692403869
1998-12-13;-28.819687115190966
1998-12-14;-28.860688179122324
1998-12-15;-28.90176027643405
1998-12-16;-28.94283951039679
1998-12-17;-28.983919458358876
1998-12-18;-29.024999477724233
1998-12-19;-29.066079504229958
1998-12-20;-29.089369534242955
1998-12-21;-29.11052549109986
1998-12-22;-29.152890613864617
1998-12-23;-29.191371591430517
1998-12-24;-29.229834707768507
1998-12-25;-29.21433159600002
1998-12-26;-29.19834043176239
1998-12-27;-29.182300220344626
1998-12-28;-29.16625510178145
1998-12-29;-29.15020949247945
1998-12-30;-29.134163834103333
1998-12-31;-29.118118170819795
1999-01-01;-29.10207250704552
1999-01-02;-29.086026843222164
1999-01-03;-29.069981179393903
1999-01-04;-29.087154182643665
1999-01-05;-29.129371945586737
1999-01-06;-29.171843594338828
1999-01-07;-29.21434074409949
1999-01-08;-29.247799991262507
1999-01-09;-29.289254889015375
1999-01-10;-29.329811293820697
1999-01-11;-29.370365508764944
1999-01-12;-29.41168830984924
1999-01-13;-29.45254563834792
1999-01-14;-29.494603551122907
1999-01-15;-29.580711564736408
1999-01-16;-29.66721878154013
1999-01-17;-29.753766116153557
1999-01-18;-29.84031746452945
1999-01-19;-29.926869214301394
1999-01-20;-30.01342100421316
1999-01-21;-30.0999727981389
1999-01-22;-30.186524592466043
1999-01-23;-30.273076386833324
1999-01-24;-30.359628181204616
1999-01-25;-30.446179975576314
1999-01-26;-30.532731769948047
1999-01-27;-30.58905697373983
1999-01-28;-30.670834248731317
1999-01-29;-30.73996760552079
1999-01-30;-30.78761765608882
1999-01-31;-30.839102224487018
1999-02-01;-30.881734925608757
1999-02-02;-30.924289082656767
1999-02-03;-30.966835345712738
1999-02-04;-31.002981779290128
1999-02-05;-31.039070282586433
1999-02-06;-31.08117301744395
1999-02-07;-31.104861295829522
1999-02-08;-31.145865124375756
1999-02-09;-31.182594069658546
1999-02-10;-31.2129857585289
1999-02-11;-31.253346363573073
1999-02-12;-31.29590067921215
1999-02-13;-31.338482573676764
1999-02-14;-31.381067235927347
1999-02-15;-31.424562261869276
1999-02-16;-31.46806554325066
1999-02-17;-31.512335867051174
1999-02-18;-31.556683464950563
1999-02-19;-31.60685093549296
1999-02-20;-31.665425874291127
1999-02-21;-31.717453402322732
1999-02-22;-31.777793896322976
1999-02-23;-31.82053841235698
1999-02-24;-31.871612167013765
1999-02-25;-31.915530138337918
1999-02-26;-31.958828210987043
1999-02-27;-32.00211527385539
1999-02-28;-32.045401232910486
1999-03-01;-32.08868708155585
1999-03-02;-32.14633750026427
1999-03-03;-32.18904927104134
1999-03-04;-32.25550550628434
1999-03-05;-32.30181714507254
1999-03-06;-32.3533547387148
1999-03-07;-32.40635447382247
1999-03-08;-32.45532278708132
1999-03-09;-32.53016957233375
1999-03-10;-32.586196998005995
1999-03-11;-32.63323226412773
1999-03-12;-32.675861021227284
1999-03-13;-32.71844126503476
1999-03-14;-32.761016637777296
1999-03-15;-32.80470787798143
1999-03-16;-32.84840916199433
1999-03-17;-32.8921114553929
1999-03-18;-32.93581384978025
1999-03-19;-32.97951625426698
1999-03-20;-33.024676898176864
1999-03-21;-33.0886892122476
1999-03-22;-33.152873162837
1999-03-23;-33.20478748195556
1999-03-24;-33.24746624549501
1999-03-25;-33.289883703850634
1999-03-26;-33.33229025393664
1999-03-27;-33.37469571202734
1999-03-28;-33.417249126830804
1999-03-29;-33.45980386932105
1999-03-30;-33.502358745243775
1999-03-31;-33.54491363451642
1999-04-01;-33.5874685251241
1999-04-02;-33.6300234158653
1999-04-03;-33.67259804874304
1999-04-04;-33.71511116596819
1999-04-05;-33.75768543751174
1999-04-06;-33.800260212551294
1999-04-07;-33.83810309805937
1999-04-08;-33.881399553187535
1999-04-09;-33.92751420940865
1999-04-10;-33.97365849714835
1999-04-11;-34.019805760715954
1999-04-12;-34.064089533663974
1999-04-13;-34.113692558312614
1999-04-14;-34.15668680117703
1999-04-15;-34.20323802797975
1999-04-16;-34.24968057236247
1999-04-17;-34.293176197567114
1999-04-18;-34.33848992091081
1999-04-19;-34.3855176442274
1999-04-20;-34.43207959735401
1999-04-21;-34.47863887347815
1999-04-22;-34.52105553981356
1999-04-23;-34.55908229688245
1999-04-24;-34.59538431723061
1999-04-25;-34.637898696097956
1999-04-26;-34.66305772225225
1999-04-27;-34.688064819371355
1999-04-28;-34.713056645815776
1999-04-29;-34.7380469444124
1999-04-30;-34.76086087374758
1999-05-01;-34.802527933126335
1999-05-02;-34.844363635810275
1999-05-03;-34.88621628733683
1999-05-04;-34.928070634595606
1999-05-05;-34.96992515143607
1999-05-06;-35.0117796852348
1999-05-07;-35.054347349276185
1999-05-08;-35.09543228041188
1999-05-09;-35.13799357655996
1999-05-10;-35.180567047659984
1999-05-11;-35.21697527837149
1999-05-12;-35.2360659771792
1999-05-13;-35.272901894916984
1999-05-14;-35.306595726998964
1999-05-15;-35.347180291106895
1999-05-16;-35.389729190189804
1999-05-17;-35.43230141932768
1999-05-18;-35.47487599031364
1999-05-19;-35.51683837442325
1999-05-20;-35.55650433654726
1999-05-21;-35.57367090893528
1999-05-22;-35.6028578690059
1999-05-23;-35.64529043478285
1999-05-24;-35.68785097940008
1999-05-25;-35.73042438142041
1999-05-26;-35.772999069778194
1999-05-27;-35.815573886775695
1999-05-28;-35.858148716637224
1999-05-29;-35.900723547785155
1999-05-30;-35.94329837906174
1999-05-31;-35.98587321035119
1999-06-01;-36.02517278946449
1999-06-02;-36.06444275826178
1999-06-03;-36.10675228823508
1999-06-04;-36.143874480684964
1999-06-05;-36.182107222250835
1999-06-06;-36.220345941285316
1999-06-07;-36.26287756718068
1999-06-08;-36.28910627394496
1999-06-09;-36.307658066593326
1999-06-10;-36.32612729903388
1999-06-11;-36.35993021167426
1999-06-12;-36.402403889701134
1999-06-13;-36.4449685663265
1999-06-14;-36.47366565542549
1999-06-15;-36.51611493089202
1999-06-16;-36.55608106991987
1999-06-17;-36.59603509421089
1999-06-18;-36.63598789600754
1999-06-19;-36.64500402135673
1999-06-20;-36.65374044878434
1999-06-21;-36.66244876772605
1999-06-22;-36.69459105782717
1999-06-23;-36.73586871215409
1999-06-24;-36.77724830809789
1999-06-25;-36.818638139264294
1999-06-26;-36.86002899436492
1999-06-27;-36.89763191618815
1999-06-28;-36.93922645162718
1999-06-29;-36.98178821155976
1999-06-30;-37.01794075603309
1999-07-01;-37.00215902787778
1999-07-02;-36.985902580071546
1999-07-03;-36.969598427436786
1999-07-04;-36.95328950198279
1999-07-05;-36.93698009922349
1999-07-06;-36.92067064873345
1999-07-07;-36.93269502085046
1999-07-08;-36.97494009916506
1999-07-09;-37.017481818173415
1999-07-10;-37.05793596897667
1999-07-11;-37.100491326671325
1999-07-12;-37.14174949556042
1999-07-13;-37.15884847467181
1999-07-14;-37.154692824158985
1999-07-15;-37.18860364915044
1999-07-16;-37.23105958989503
1999-07-17;-37.27362249317495
1999-07-18;-37.31619613127392
1999-07-19;-37.35877084324169
1999-07-20;-37.401345662600214
1999-07-21;-37.44392049269784
1999-07-22;-37.48649532386939
1999-07-23;-37.52833878828244
1999-07-24;-37.56739915537079
1999-07-25;-37.60643375682659
1999-07-26;-37.645465769238776
1999-07-27;-37.68449752262141
1999-07-28;-37.723529250099816
1999-07-29;-37.76606882717789
1999-07-30;-37.80864011716181
1999-07-31;-37.85121459416261
1999-08-01;-37.893789390022874
1999-08-02;-37.93636421777067
1999-08-03;-37.97893904870723
1999-08-04;-38.021513879962676
1999-08-05;-38.06408871125
1999-08-06;-38.10666354254052
1999-08-07;-38.14923837383135
1999-08-08;-38.19181320512222
1999-08-09;-38.230785377407045
1999-08-10;-38.2471880448803
1999-08-11;-38.28539918831982
1999-08-12;-38.28649562398944
1999-08-13;-38.32868986377957
1999-08-14;-38.37122645004364
1999-08-15;-38.40668694377072
1999-08-16;-38.435526933703045
1999-08-17;-38.460706333528854
1999-08-18;-38.4875945089712
1999-08-19;-38.525479016980896
1999-08-20;-38.499788293538295
1999-08-21;-38.528212702416134
1999-08-22;-38.55707461698413
1999-08-23;-38.58598052440456
1999-08-24;-38.61489083354124
1999-08-25;-38.651446649703686
1999-08-26;-38.68807162604362
1999-08-27;-38.718706864567274
1999-08-28;-38.74928858467488
1999-08-29;-38.791744620985334
1999-08-30;-38.834030701233644
1999-08-31;-38.87632501830199
1999-09-01;-38.918620158345654
1999-09-02;-38.96091538067974
1999-09-03;-39.0032106112428
1999-09-04;-39.045505842628764
1999-09-05;-39.08780107409701
1999-09-06;-39.13009630557348
1999-09-07;-39.17239153705078
1999-09-08;-39.21468676852816
1999-09-09;-39.25698200000555
1999-09-10;-39.29927723148294
1999-09-11;-39.341572462960336
1999-09-12;-39.383867694437726
1999-09-13;-39.426162925915115
1999-09-14;-39.468458157392504
1999-09-15;-39.510753388869894
1999-09-16;-39.55304862034728
1999-09-17;-39.59308560176827
1999-09-18;-39.62260251855531
1999-09-19;-39.652022460267595
1999-09-20;-39.68143265729913
1999-09-21;-39.72282274581756
1999-09-22;-39.765374901345325
1999-09-23;-39.806082582277135
1999-09-24;-39.844773376880184
1999-09-25;-39.88474732496527
1999-09-26;-39.90817908100709
1999-09-27;-39.943457619153584
1999-09-28;-39.97882966398245
1999-09-29;-40.01198321528008
1999-09-30;-40.02310338424501
1999-10-01;-40.062204994362276
1999-10-02;-40.044991687084135
1999-10-03;-40.027290721668784
1999-10-04;-40.03794801214867
1999-10-05;-40.0612577919285
1999-10-06;-40.103627119175
1999-10-07;-40.14618131379435
1999-10-08;-40.18875408055255
1999-10-09;-40.231328705381486
1999-10-10;-40.27390351602608
1999-10-11;-40.31647834525232
1999-10-12;-40.35905317633672
1999-10-13;-40.40162800760695
1999-10-14;-40.43186211235906
1999-10-15;-40.461984649272004
1999-10-16;-40.492095974075504
1999-10-17;-40.522206177112956
1999-10-18;-40.552316267968244
1999-10-19;-40.58242634760527
1999-10-20;-40.61253642612047
1999-10-21;-40.64508019115284
1999-10-22;-40.67943895344134
1999-10-23;-40.714093987572994
1999-10-24;-40.753797789856236
1999-10-25;-40.79274633049346
1999-10-26;-40.835285345218445
1999-10-27;-40.87785657861516
1999-10-28;-40.920431049953706
1999-10-29;-40.963005845247714
1999-10-30;-41.006704490813775
1999-10-31;-41.05041329963193
1999-11-01;-41.093104669864424
1999-11-02;-41.135786934772604
1999-11-03;-41.18108077092755
1999-11-04;-41.223695898339066
1999-11-05;-41.26857561746985
1999-11-06;-41.31347379085801
1999-11-07;-41.35623544412439
1999-11-08;-41.398977950802376
1999-11-09;-41.44632306480662
1999-11-10;-41.498829228882066
1999-11-11;-41.542912806551534
1999-11-12;-41.62147446732167
1999-11-13;-41.700341287006175
1999-11-14;-41.77923877709495
1999-11-15;-41.85813933577451
1999-11-16;-41.906028088153114
1999-11-17;-41.99078028817623
1999-11-18;-42.04223383593678
1999-11-19;-42.091999488782236
1999-11-20;-42.14172491077451
1999-11-21;-42.19144630184269
1999-11-22;-42.24116728973985
1999-11-23;-42.39111750043385
1999-11-24;-42.43455673671548
1999-11-25;-42.47711591800371
1999-11-26;-42.51958661673229
1999-11-27;-42.560581603306886
1999-11-28;-42.60156244321092
1999-11-29;-42.64254186187125
1999-11-30;-42.68352113834123
1999-12-01;-42.7245004005915
1999-12-02;-42.7480151480746
1999-12-03;-42.778568504921516
1999-12-04;-42.80917105528262
1999-12-05;-42.83977855647266
1999-12-06;-42.87038655306146
1999-12-07;-42.900994599193275
1999-12-08;-42.931602650279416
1999-12-09;-42.97439608361449
1999-12-10;-43.01729968042672
1999-12-11;-43.06028577915823
1999-12-12;-43.104137296347545
1999-12-13;-43.14815264660314
1999-12-14;-43.19604046642087
1999-12-15;-43.24030103840742
1999-12-16;-43.288350346545855
1999-12-17;-43.33643120108157
1999-12-18;-43.38451522721212
1999-12-19;-43.442716789617165
1999-12-20;-43.48574960290284
1999-12-21;-43.52893287924253
1999-12-22;-43.55959252053561
1999-12-23;-43.59013799313192
1999-12-24;-43.62067199276547
1999-12-25;-43.65120484453995
1999-12-26;-43.685111527968644
1999-12-27;-43.70980439182655
1999-12-28;-43.74130080673731
1999-12-29;-43.78085503222167
1999-12-30;-43.82293808902639
1999-12-31;-43.8650511211348
2000-01-01;-43.90712177271095
2000-01-02;-43.949510040839115
2000-01-03;-43.98823189003666
2000-01-04;-44.026920854212094
2000-01-05;-44.06174115094752
2000-01-06;-44.09016377292785
2000-01-07;-44.1185253299423
2000-01-08;-44.14688075176258
2000-01-09;-44.17523555977552
2000-01-10;-44.1883384905966
2000-01-11;-44.23063394439706
2000-01-12;-44.27318070580611
2000-01-13;-44.315752728783096
2000-01-14;-44.3583272792293
2000-01-15;-44.40090208243557
2000-01-16;-44.44347691091797
2000-01-17;-44.486051741927994
2000-01-18;-44.52862657319078
2000-01-19;-44.5710794978396
2000-01-20;-44.61360833489847
2000-01-21;-44.65613775745902
2000-01-22;-44.69493302521322
2000-01-23;-44.73122592980169
2000-01-24;-44.77202159044026
2000-01-25;-44.786883765235004
2000-01-26;-44.801514994395056
2000-01-27;-44.816123012758126
2000-01-28;-44.83072870887527
2000-01-29;-44.84533417275617
2000-01-30;-44.83130983918951
2000-01-31;-44.8728386068684
2000-02-01;-44.914845937457514
2000-02-02;-44.956901373264046
2000-02-03;-44.99947055488728
2000-02-04;-45.04179110519172
2000-02-05;-45.08410987228788
2000-02-06;-45.12642845994867
2000-02-07;-45.168747029654746
2000-02-08;-45.20329772933436
2000-02-09;-45.24483083483071
2000-02-10;-45.28645926873248
2000-02-11;-45.32809375337363
2000-02-12;-45.368714895068145
2000-02-13;-45.40932693059867
2000-02-14;-45.45184051105337
2000-02-15;-45.490544223202555
2000-02-16;-45.53026904021624
2000-02-17;-45.571095354384056
2000-02-18;-45.60822449087655
2000-02-19;-45.6451037412303
2000-02-20;-45.683963847855814
2000-02-21;-45.72639005937072
2000-02-22;-45.76885010513808
2000-02-23;-45.81131355032919
2000-02-24;-45.853777335623185
2000-02-25;-45.896570647589165
2000-02-26;-45.93914735277053
2000-02-27;-45.98313691860447
2000-02-28;-46.02713910329353
2000-02-29;-46.071142556200016
2000-03-01;-46.116637016221716
2000-03-02;-46.15941957416183
2000-03-03;-46.20548470221727
2000-03-04;-46.25157737674824
2000-03-05;-46.29526132545425
2000-03-06;-46.33892374982664
2000-03-07;-46.38258401095599
2000-03-08;-46.42624405565259
2000-03-09;-46.468829687162916
2000-03-10;-46.51140560334122
2000-03-11;-46.528431355012366
2000-03-12;-46.545226028453435
2000-03-13;-46.56199747952975
2000-03-14;-46.57876660722036
2000-03-15;-46.60099888571497
2000-03-16;-46.63998279722404
2000-03-17;-46.590529132759464
2000-03-18;-46.54029019879279
2000-03-19;-46.57021060263594
2000-03-20;-46.613068383170045
2000-03-21;-46.656108749347304
2000-03-22;-46.6991674324814
2000-03-23;-46.74222794789694
2000-03-24;-46.7852886465465
2000-03-25;-46.83477913283675
2000-03-26;-46.88432775007184
2000-03-27;-46.935880365971826
2000-03-28;-46.98364781502753
2000-03-29;-47.03273786844852
2000-03-30;-47.076601606586294
2000-03-31;-47.12079755015886
2000-04-01;-47.164992250767405
2000-04-02;-47.23240108269694
2000-04-03;-47.30001977364936
2000-04-04;-47.367659554577564
2000-04-05;-47.43530144554756
2000-04-06;-47.480167448289826
2000-04-07;-47.53647473498909
2000-04-08;-47.592866628365016
2000-04-09;-47.64926703360032
2000-04-10;-47.70566829053522
2000-04-11;-47.76206963264522
2000-04-12;-47.836888475039096
2000-04-13;-47.893319532149704
2000-04-14;-47.936047435976405
2000-04-15;-47.978637636727775
2000-04-16;-48.02735082558662
2000-04-17;-48.07611811130704
2000-04-18;-48.14056849155795
2000-04-19;-48.18334667423844
2000-04-20;-48.22594193874502
2000-04-21;-48.26851881434149
2000-04-22;-48.311093850072744
2000-04-23;-48.35366870180776
2000-04-24;-48.465443109751334
2000-04-25;-48.50864354842757
2000-04-26;-48.55128125069018
2000-04-27;-48.59386237219089
2000-04-28;-48.63643783253389
2000-04-29;-48.67901272673029
2000-04-30;-48.72158756431169
2000-05-01;-48.76416239623161
2000-05-02;-48.80673722758539
2000-05-03;-48.849312058882546
2000-05-04;-48.891183913141624
2000-05-05;-48.92324120869353
2000-05-06;-48.965720373691596
2000-05-07;-48.96282640976822
2000-05-08;-48.959530118512106
2000-05-09;-49.00165257262001
2000-05-10;-49.04141022233311
2000-05-11;-49.08118371095371
2000-05-12;-49.12095877308351
2000-05-13;-49.16350573047354
2000-05-14;-49.206077761822215
2000-05-15;-49.248652312992945
2000-05-16;-49.29122711627055
2000-05-17;-49.32105462790548
2000-05-18;-49.361823598521795
2000-05-19;-49.40381921453558
2000-05-20;-49.44638635751378
2000-05-21;-49.484541621356655
2000-05-22;-49.52208697132465
2000-05-23;-49.563956566673866
2000-05-24;-49.605864425007596
2000-05-25;-49.64777612903926
2000-05-26;-49.68968821783537
2000-05-27;-49.73160034510986
2000-05-28;-49.76228543845607
2000-05-29;-49.78904225774516
2000-05-30;-49.7885971471244
2000-05-31;-49.76756078992757
2000-06-01;-49.80952369566276
2000-06-02;-49.85203704908948
2000-06-03;-49.89460572973141
2000-06-04;-49.92238228115372
2000-06-05;-49.95002560606956
2000-06-06;-49.98093793309019
2000-06-07;-50.02339386908201
2000-06-08;-50.06595675854581
2000-06-09;-50.10853039512928
2000-06-10;-50.15110510694416
2000-06-11;-50.08803356807537
2000-06-12;-50.12260911179318
2000-06-13;-50.10773733722369
2000-06-14;-50.149778255810645
2000-06-15;-50.15105553413261
2000-06-16;-50.19325212745572
2000-06-17;-50.23578895002072
2000-06-18;-50.278359978583545
2000-06-19;-50.320934429583055
2000-06-20;-50.36350922284461
2000-06-21;-50.40608405033253
2000-06-22;-50.44865888124311
2000-06-23;-50.491233712495955
2000-06-24;-50.37802229362196
2000-06-25;-50.419188720347165
2000-06-26;-50.434334978546005
2000-06-27;-50.449361922966716
2000-06-28;-50.46437682061462
2000-06-29;-50.506677546647055
2000-06-30;-50.549224843840086
2000-07-01;-50.59179692048137
2000-07-02;-50.632538725761705
2000-07-03;-50.66240602736298
2000-07-04;-50.70021774263188
2000-07-05;-50.73497561296052
2000-07-06;-50.76971161294752
2000-07-07;-50.80444541228531
2000-07-08;-50.83512359861444
2000-07-09;-50.87237510463853
2000-07-10;-50.88770984789169
2000-07-11;-50.92759515273312
2000-07-12;-50.95505361749193
2000-07-13;-50.996821801842
2000-07-14;-51.036909929938794
2000-07-15;-51.07702376106552
2000-07-16;-51.11860319972802
2000-07-17;-51.16116679503198
2000-07-18;-51.20374049826063
2000-07-19;-51.246315216700495
2000-07-20;-51.28889003670582
2000-07-21;-51.33146486686814
2000-07-22;-51.374039698046154
2000-07-23;-51.41661452932573
2000-07-24;-51.45386242845753
2000-07-25;-51.49537623358729
2000-07-26;-51.534556580650836
2000-07-27;-51.56894558178012
2000-07-28;-51.60328962125023
2000-07-29;-51.63634726154599
2000-07-30;-51.678828606358145
2000-07-31;-51.72139404632869
2000-08-01;-51.763967938059395
2000-08-02;-51.80654267538997
2000-08-03;-51.84495693590989
2000-08-04;-51.86870629056365
2000-08-05;-51.892319626115196
2000-08-06;-51.89535169473373
2000-08-07;-51.93319273179507
2000-08-08;-51.975690514778314
2000-08-09;-52.01642822735237
2000-08-10;-52.03655805104721
2000-08-11;-52.05650068673019
2000-08-12;-52.0764245111862
2000-08-13;-52.09634645359217
2000-08-14;-52.11626820778387
2000-08-15;-52.136189943154044
2000-08-16;-52.15611167664206
2000-08-17;-52.17603340994188
2000-08-18;-52.19595514322287
2000-08-19;-52.23830457242262
2000-08-20;-52.24731857149471
2000-08-21;-52.08549934373085
2000-08-22;-52.11569775886161
2000-08-23;-52.1474885319922
2000-08-24;-52.17943940112324
2000-08-25;-52.21140628848524
2000-08-26;-52.243374777756664
2000-08-27;-52.27534342721989
2000-08-28;-52.317812723635484
2000-08-29;-52.35633216875096
2000-08-30;-52.39482458695339
2000-08-31;-52.40623247435232
2000-09-01;-52.44852184871935
2000-09-02;-52.48441421130742
2000-09-03;-52.488228672506345
2000-09-04;-52.52137262826385
2000-09-05;-52.56224325377526
2000-09-06;-52.60320554449698
2000-09-07;-52.636137741938974
2000-09-08;-52.6576536426434
2000-09-09;-52.67905976966841
2000-09-10;-52.700454868104465
2000-09-11;-52.72184886316769
2000-09-12;-52.74324274788851
2000-09-13;-52.764636621575036
2000-09-14;-52.80680732613691
2000-09-15;-52.84935923885791
2000-09-16;-52.87010929903691
2000-09-17;-52.91248661217723
2000-09-18;-52.70612784151889
2000-09-19;-52.49753659947424
2000-09-20;-52.28872099534099
2000-09-21;-52.333078009449025
2000-09-22;-52.38251697470905
2000-09-23;-52.432211024621516
2000-09-24;-52.48193060691936
2000-09-25;-52.5316527426954
2000-09-26;-52.581375133821645
2000-09-27;-52.63109755048293
2000-09-28;-52.680819969697744
2000-09-29;-52.73054238916789
2000-09-30;-52.780264808663574
2000-10-01;-52.82323892909274
2000-10-02;-52.879248055143165
2000-10-03;-52.9219452622831
2000-10-04;-52.9659533611934
2000-10-05;-53.00996323915136
2000-10-06;-53.05301159837788
2000-10-07;-53.09559201421726
2000-10-08;-53.138452048517934
2000-10-09;-53.18232874871971
2000-10-10;-53.22758295925021
2000-10-11;-53.27296950673397
2000-10-12;-53.315880095917606
2000-10-13;-53.35943514915821
2000-10-14;-53.40201935049101
2000-10-15;-53.444595123170714
2000-10-16;-53.48720952201511
2000-10-17;-53.529824192959154
2000-10-18;-53.57239941791905
2000-10-19;-53.61497428875557
2000-10-20;-53.6575491240028
2000-10-21;-53.70012395568933
2000-10-22;-53.742698787019755
2000-10-23;-53.78527361831457
2000-10-24;-53.81444912804563
2000-10-25;-53.856902821138284
2000-10-26;-53.872690452059665
2000-10-27;-53.91140499661823
2000-10-28;-53.92484916199404
2000-10-29;-53.93808190057315
2000-10-30;-53.95129338337648
2000-10-31;-53.964502739467484
2000-11-01;-54.01580203049143
2000-11-02;-54.06744565886489
2000-11-03;-54.11912389173777
2000-11-04;-54.17370205102429
2000-11-05;-54.21720480346269
2000-11-06;-54.27303333508171
2000-11-07;-54.31694731283289
2000-11-08;-54.360762953791706
2000-11-09;-54.404568707750755
2000-11-10;-54.456761670513146
2000-11-11;-54.50090814433672
2000-11-12;-54.62953037695817
2000-11-13;-54.75891030009137
2000-11-14;-54.88836637092811
2000-11-15;-54.93180492267552
2000-11-16;-54.974466515585256
2000-11-17;-55.03506715415808
2000-11-18;-55.07800370549332
2000-11-19;-55.12371085407154
2000-11-20;-55.17706662547525
2000-11-21;-55.22174067544217
2000-11-22;-55.267068460555166
2000-11-23;-55.32188235787235
2000-11-24;-55.376781956208575
2000-11-25;-55.4294528552162
2000-11-26;-55.50189913217725
2000-11-27;-55.549326616232044
2000-11-28;-55.608973697667714
2000-11-29;-55.6517092090035
2000-11-30;-55.69430018474452
2000-12-01;-55.73687663124741
2000-12-02;-55.77945162406716
2000-12-03;-55.82202647151097
2000-12-04;-55.86258111326023
2000-12-05;-55.90311748977154
2000-12-06;-55.94365203070221
2000-12-07;-55.98064780678379
2000-12-08;-56.01761157352533
2000-12-09;-56.054572123468816
2000-12-10;-56.08533225538302
2000-12-11;-56.13175343460633
2000-12-12;-56.17831107019032
2000-12-13;-56.224882421593996
2000-12-14;-56.27145514528384
2000-12-15;-56.34275971381312
2000-12-16;-56.389006750315225
2000-12-17;-56.43342454822994
2000-12-18;-56.47680961406952
2000-12-19;-56.52018211544711
2000-12-20;-56.568459354138405
2000-12-21;-56.61678081995902
2000-12-22;-56.66510673048651
2000-12-23;-56.71343308570538
2000-12-24;-56.76175948539559
2000-12-25;-56.81008588953294
2000-12-26;-56.85994996546624
2000-12-27;-56.903354095164175
2000-12-28;-56.946701094301474
2000-12-29;-56.99027477410079
2000-12-30;-57.03285939018581
2000-12-31;-57.075435204431564
2001-01-01;-57.11801013406282
2001-01-02;-57.177252736544986
2001-01-03;-57.22617073824653
2001-01-04;-57.27364044183362
2001-01-05;-57.318591758172786
2001-01-06;-57.41244500199199
2001-01-07;-57.510205164883914
2001-01-08;-57.59311741594057
2001-01-09;-57.636106426935044
2001-01-10;-57.6787228570923
2001-01-11;-57.72141718920531
2001-01-12;-57.76410881854249
2001-01-13;-57.80899162139311
2001-01-14;-57.85389420928084
2001-01-15;-57.898798785496936
2001-01-16;-57.94370356064444
2001-01-17;-57.98860835568606
2001-01-18;-58.03351315271713
2001-01-19;-58.07841794994712
2001-01-20;-58.123322747197015
2001-01-21;-58.16718949236324
2001-01-22;-58.22215170342745
2001-01-23;-58.277750442743034
2001-01-24;-58.392309647142085
2001-01-25;-58.43756954032076
2001-01-26;-58.481408400150684
2001-01-27;-58.52518156107259
2001-01-28;-58.56795179129402
2001-01-29;-58.61071235610881
2001-01-30;-58.653471949915414
2001-01-31;-58.70116751183806
2001-02-01;-58.74890768914476
2001-02-02;-58.7915334676255
2001-02-03;-58.88102127156963
2001-02-04;-58.981669058185986
2001-02-05;-59.02480773567754
2001-02-06;-59.06818824481438
2001-02-07;-59.135085642066244
2001-02-08;-59.20219162639909
2001-02-09;-59.269318575076156
2001-02-10;-59.32387733456152
2001-02-11;-59.3783226605994
2001-02-12;-59.432756586937984
2001-02-13;-59.48718937274119
2001-02-14;-59.5416220444852
2001-02-15;-59.59605470482323
2001-02-16;-59.65048736402068
2001-02-17;-59.704920023104044
2001-02-18;-59.75362841618225
2001-02-19;-59.80228505833554
2001-02-20;-59.85093649973349
2001-02-21;-59.89958742079843
2001-02-22;-59.948238289827486
2001-02-23;-60.00258159867207
2001-02-24;-60.04621713680807
2001-02-25;-60.09243371340835
2001-02-26;-60.13866519901153
2001-02-27;-60.184898187017716
2001-02-28;-60.23113132537963
2001-03-01;-60.27736447877827
2001-03-02;-60.32710990397396
2001-03-03;-60.392428604005225
2001-03-04;-60.5092205947178
2001-03-05;-60.5638137027811
2001-03-06;-60.60674753520824
2001-03-07;-60.64952851373267
2001-03-08;-60.69222082525305
2001-03-09;-60.73706243980009
2001-03-10;-60.781270086155715
2001-03-11;-60.826960099742536
2001-03-12;-60.87650642606741
2001-03-13;-60.9290365146006
2001-03-14;-60.98256159184445
2001-03-15;-61.03262175867637
2001-03-16;-61.08200227233742
2001-03-17;-61.13137387439369
2001-03-18;-61.17820137052192
2001-03-19;-61.22544660071531
2001-03-20;-61.28127668265792
2001-03-21;-61.32242283922933
2001-03-22;-61.36365850096529
2001-03-23;-61.405466121665185
2001-03-24;-61.447504223528775
2001-03-25;-61.48626462163467
2001-03-26;-61.52782047581459
2001-03-27;-61.5702466037195
2001-03-28;-61.611789687983176
2001-03-29;-61.653059130969986
2001-03-30;-61.69192196209388
2001-03-31;-61.73553618919999
2001-04-01;-61.7791913561269
2001-04-02;-61.822850638327786
2001-04-03;-61.86651033226969
2001-04-04;-61.91017006738784
2001-04-05;-61.95277217963163
2001-04-06;-61.996018690876426
2001-04-07;-62.041293483329014
2001-04-08;-62.08404886109712
2001-04-09;-62.12888324655322
2001-04-10;-62.17820930705956
2001-04-11;-62.22279846359758
2001-04-12;-62.265397260536034
2001-04-13;-62.30805212087031
2001-04-14;-62.351476194356856
2001-04-15;-62.401754936685215
2001-04-16;-62.451289439397065
2001-04-17;-62.49393362471872
2001-04-18;-62.5375030713583
2001-04-19;-62.58259140911814
2001-04-20;-62.62687799392235
2001-04-21;-62.67789962950226
2001-04-22;-62.723603379751616
2001-04-23;-62.768149559348736
2001-04-24;-62.81268137892087
2001-04-25;-62.857211757252834
2001-04-26;-62.90258838204048
2001-04-27;-62.94519032325513
2001-04-28;-62.98821365155196
2001-04-29;-63.02445304959029
2001-04-30;-63.06063126217928
2001-05-01;-63.096803325821554
2001-05-02;-63.13297477426414
2001-05-03;-63.1691461611837
2001-05-04;-63.20531754195093
2001-05-05;-63.241856792403944
2001-05-06;-63.28124424450148
2001-05-07;-63.321369383310554
2001-05-08;-63.36391893039098
2001-05-09;-63.406491222288984
2001-05-10;-63.449065799530494
2001-05-11;-63.49164060541533
2001-05-12;-63.53421543416559
2001-05-13;-63.57679026520239
2001-05-14;-63.61936509646786
2001-05-15;-63.64019941865767
2001-05-16;-63.68257770222836
2001-05-17;-63.72368350327337
2001-05-18;-63.764073848220534
2001-05-19;-63.80559078137255
2001-05-20;-63.84711734612306
2001-05-21;-63.888644879078285
2001-05-22;-63.93017250890459
2001-05-23;-63.971700148418506
2001-05-24;-64.01322778890119
2001-05-25;-64.05579220045973
2001-05-26;-64.09836598508224
2001-05-27;-64.14094071165917
2001-05-28;-64.18351553247817
2001-05-29;-64.22609036272183
2001-05-30;-64.26866519390799
2001-05-31;-64.31075594567346
2001-06-01;-64.35179939247551
2001-06-02;-64.39283297074738
2001-06-03;-64.43200229995378
2001-06-04;-64.47165500014303
2001-06-05;-64.51131052071808
2001-06-06;-64.5509663254909
2001-06-07;-64.59351210913667
2001-06-08;-64.63253140018674
2001-06-09;-64.67102259308402
2001-06-10;-64.70492101640617
2001-06-11;-64.74741376156138
2001-06-12;-64.78998034533589
2001-06-13;-64.83255435148477
2001-06-14;-64.87049970141967
2001-06-15;-64.90840327297695
2001-06-16;-64.93719318371285
2001-06-17;-64.96085278109099
2001-06-18;-64.9867980158781
2001-06-19;-65.02920579433234
2001-06-20;-65.07176384575456
2001-06-21;-65.11433699831026
2001-06-22;-65.15691166172012
2001-06-23;-65.19948647622282
2001-06-24;-65.24206130583485
2001-06-25;-65.28463613695784
2001-06-26;-65.32721096823192
2001-06-27;-65.3697857995211
2001-06-28;-65.39990496876928
2001-06-29;-65.40542760717122
2001-06-30;-65.41071757914374
2001-07-01;-65.41598417414752
2001-07-02;-65.42124843034753
2001-07-03;-65.4265124526561
2001-07-04;-65.43177645157539
2001-07-05;-65.43704044815577
2001-07-06;-65.44230444450226
2001-07-07;-65.44756844082535
2001-07-08;-65.48725995681127
2001-07-09;-65.52977478527515
2001-07-10;-65.57234360334294
2001-07-11;-65.6149178331817
2001-07-12;-65.56044322612263
2001-07-13;-65.5050912864737
2001-07-14;-65.54670055668072
2001-07-15;-65.58914411543691
2001-07-16;-65.63170785147199
2001-07-17;-65.67428167140345
2001-07-18;-65.71683593450368
2001-07-19;-65.75936715242248
2001-07-20;-65.80189815335606
2001-07-21;-65.84447255071017
2001-07-22;-65.88704733841084
2001-07-23;-65.92962216534072
2001-07-24;-65.8941621871492
2001-07-25;-65.85799672615644
2001-07-26;-65.82176036704053
2001-07-27;-65.78551691460217
2001-07-28;-65.74927275279651
2001-07-29;-65.71302852005373
2001-07-30;-65.67678428021723
2001-07-31;-65.6405400396714
2001-08-01;-65.6042957990546
2001-08-02;-65.56805155843071
2001-08-03;-65.53180731780613
2001-08-04;-65.50395391686385
2001-08-05;-65.54582034369336
2001-08-06;-65.58832401876705
2001-08-07;-65.62456503814754
2001-08-08;-65.5940145283339
2001-08-09;-65.63449948800604
2001-08-10;-65.66908627553664
2001-08-11;-65.68892100969896
2001-08-12;-65.7086223818992
2001-08-13;-65.72831035150607
2001-08-14;-65.74799698018741
2001-08-15;-65.7676834747695
2001-08-16;-65.78736995594164
2001-08-17;-65.80512970889049
2001-08-18;-65.84745937848355
2001-08-19;-65.89000958234593
2001-08-20;-65.80490034742954
2001-08-21;-65.84632061124903
2001-08-22;-65.93459298241811
2001-08-23;-66.02338395724234
2001-08-24;-66.11222700350778
2001-08-25;-66.20107525903497
2001-08-26;-66.2899240355095
2001-08-27;-66.37877286407898
2001-08-28;-66.46762169785796
2001-08-29;-66.5564705321579
2001-08-30;-66.64531936650992
2001-08-31;-66.70102545772421
2001-09-01;-66.76847063914069
2001-09-02;-66.94724497244357
2001-09-03;-67.12703300383532
2001-09-04;-67.30692290431672
2001-09-05;-67.39559305023357
2001-09-06;-67.4386528660417
2001-09-07;-67.48116058407479
2001-09-08;-67.52048775050007
2001-09-09;-67.56292248323797
2001-09-10;-67.60549339818829
2001-09-11;-67.64731059590757
2001-09-12;-67.689121300739
2001-09-13;-67.7256368102815
2001-09-14;-67.76210438856504
2001-09-15;-67.80461893389077
2001-09-16;-67.83789798117652
2001-09-17;-67.87252864711223
2001-09-18;-67.9150239222328
2001-09-19;-67.95759076225299
2001-09-20;-67.9989558304396
2001-09-21;-68.03954624064642
2001-09-22;-68.07610415018358
2001-09-23;-68.11820823671042
2001-09-24;-68.15983282098927
2001-09-25;-68.20027367855761
2001-09-26;-68.24021237786401
2001-09-27;-68.28014555792949
2001-09-28;-68.32007818381416
2001-09-29;-68.36001075425811
2001-09-30;-68.3999433191578
2001-10-01;-68.44249185951425
2001-10-02;-68.48529104393857
2001-10-03;-68.52809465725772
2001-10-04;-68.57089871460168
2001-10-05;-68.61347582228592
2001-10-06;-68.65605088224409
2001-10-07;-68.70074927067986
2001-10-08;-68.7433433023287
2001-10-09;-68.78592006317552
2001-10-10;-68.8284950875175
2001-10-11;-68.87106993811445
2001-10-12;-68.91364477133592
2001-10-13;-68.95621960281987
2001-10-14;-68.99879443413003
2001-10-15;-69.04136926542283
2001-10-16;-69.08394409671389
2001-10-17;-69.12651892800477
2001-10-18;-69.16909375929563
2001-10-19;-69.2116685905865
2001-10-20;-69.25424342187736
2001-10-21;-69.29181864120316
2001-10-22;-69.33323922756648
2001-10-23;-69.36839783731692
2001-10-24;-69.39765275822906
2001-10-25;-69.39615065270652
2001-10-26;-69.43854017849182
2001-10-27;-69.48130059689126
2001-10-28;-69.52409830121255
2001-10-29;-69.56689973609923
2001-10-30;-69.60970154406219
2001-10-31;-69.65250338933298
2001-11-01;-69.69512489297377
2001-11-02;-69.73910249993581
2001-11-03;-69.78309221783718
2001-11-04;-69.82708315291131
2001-11-05;-69.87107420976373
2001-11-06;-69.91506527879461
2001-11-07;-69.96301582059873
2001-11-08;-70.00723331469229
2001-11-09;-70.05068339615461
2001-11-10;-70.09326791338856
2001-11-11;-70.1378406715999
2001-11-12;-70.18243060830538
2001-11-13;-70.2270222717741
2001-11-14;-70.26995015516549
2001-11-15;-70.3282150533748
2001-11-16;-70.38661723352875
2001-11-17;-70.4450332106281
2001-11-18;-70.50345056811182
2001-11-19;-70.56186806364082
2001-11-20;-70.62028557297442
2001-11-21;-70.67870308368849
2001-11-22;-70.7371205945406
2001-11-23;-70.78375107484024
2001-11-24;-70.82841879700148
2001-11-25;-70.8778108908444
2001-11-26;-70.92370713311585
2001-11-27;-70.9785315946344
2001-11-28;-71.02188885524448
2001-11-29;-71.06512388667053
2001-11-30;-71.11665267010561
2001-12-01;-71.16044029415089
2001-12-02;-71.2030978259539
2001-12-03;-71.24575221084405
2001-12-04;-71.29420624818518
2001-12-05;-71.34238724766399
2001-12-06;-71.38830126398156
2001-12-07;-71.43110417181185
2001-12-08;-71.47387709793482
2001-12-09;-71.51664701192814
2001-12-10;-71.55941662456844
2001-12-11;-71.60218620707208
2001-12-12;-71.644955786562
2001-12-13;-71.68776132438886
2001-12-14;-71.73066523101494
2001-12-15;-71.77357005668449
2001-12-16;-71.81647497469952
2001-12-17;-71.85937990195353
2001-12-18;-71.90228483013146
2001-12-19;-71.94518975840178
2001-12-20;-71.98809468668136
2001-12-21;-72.03483966148212
2001-12-22;-72.08161935269115
2001-12-23;-72.12522428148769
2001-12-24;-72.1678122182538
2001-12-25;-72.2103883647136
2001-12-26;-72.26623191384196
2001-12-27;-72.3089267145596
2001-12-28;-72.3518573315734
2001-12-29;-72.41967468239793
2001-12-30;-72.46877083380865
2001-12-31;-72.51217890782284
2002-01-01;-72.55426790170425
2002-01-02;-72.59633902890505
2002-01-03;-72.63840836355809
2002-01-04;-72.6804775188974
2002-01-05;-72.72254665630474
2002-01-06;-72.7646157919189
2002-01-07;-72.80668492735371
2002-01-08;-72.84875406277062
2002-01-09;-72.8908231981857
2002-01-10;-72.93289233360059
2002-01-11;-72.97496146901548
2002-01-12;-73.01703060443037
2002-01-13;-73.04914188762312
2002-01-14;-73.08116314564026
2002-01-15;-73.11317535649712
2002-01-16;-73.14518666219004
2002-01-17;-73.17719787736209
2002-01-18;-73.209209083482
2002-01-19;-73.24122028869668
2002-01-20;-73.27400841217755
2002-01-21;-73.30680355947437
2002-01-22;-73.34928101061925
2002-01-23;-73.39184606005105
2002-01-24;-73.43456928834327
2002-01-25;-73.47714537221572
2002-01-26;-73.5199555761304
2002-01-27;-73.56494745276969
2002-01-28;-73.6075443313044
2002-01-29;-73.65012137815661
2002-01-30;-73.69269643111241
2002-01-31;-73.73527128457087
2002-02-01;-73.7778461180785
2002-02-02;-73.82435326297617
2002-02-03;-73.8708959582324
2002-02-04;-73.91744222615364
2002-02-05;-73.96398885151831
2002-02-06;-74.01053551262908
2002-02-07;-74.05379868199321
2002-02-08;-74.10352034751462
2002-02-09;-74.1485937560912
2002-02-10;-74.19664723854603
2002-02-11;-74.24199924691445
2002-02-12;-74.28732898875948
2002-02-13;-74.33265649186903
2002-02-14;-74.37798377098379
2002-02-15;-74.42331102769784
2002-02-16;-74.46863828217182
2002-02-17;-74.51396553642181
2002-02-18;-74.55929279064938
2002-02-19;-74.6120503093426
2002-02-20;-74.72838105481475
2002-02-21;-74.79596200971258
2002-02-22;-74.8386931080877
2002-02-23;-74.88009079296
2002-02-24;-74.92220778560035
2002-02-25;-74.96418297243609
2002-02-26;-75.0067519363197
2002-02-27;-75.0434604066638
2002-02-28;-75.08115234752847
2002-03-01;-75.12246985781385
2002-03-02;-75.16055913993725
2002-03-03;-75.20309197210841
2002-03-04;-75.24566258339236
2002-03-05;-75.28823699248092
2002-03-06;-75.33081178154953
2002-03-07;-75.37338660861815
2002-03-08;-75.4159614394868
2002-03-09;-75.45853627073544
2002-03-10;-75.50111110202208
2002-03-11;-75.54368593331253
2002-03-12;-75.58626076460335
2002-03-13;-75.62883559589423
2002-03-14;-75.67141042718508
2002-03-15;-75.71398525847594
2002-03-16;-75.75656008976681
2002-03-17;-75.79913492105767
2002-03-18;-75.84170975234854
2002-03-19;-75.71813956544901
2002-03-20;-75.75411980268471
2002-03-21;-75.79145746904162
2002-03-22;-75.81620312732639
2002-03-23;-75.84831497406878
2002-03-24;-75.8835344501164
2002-03-25;-75.92687386386255
2002-03-26;-75.97028973324582
2002-03-27;-76.01371328458693
2002-03-28;-76.05713760448896
2002-03-29;-76.10056200125072
2002-03-30;-76.14398640569851
2002-03-31;-76.18741081091488
2002-04-01;-76.23083521620815
2002-04-02;-76.27425962150909
2002-04-03;-76.3176840268108
2002-04-04;-76.36110843211262
2002-04-05;-76.4045328374144
2002-04-06;-76.4479572427162
2002-04-07;-76.49138164801798
2002-04-08;-76.53480605331977
2002-04-09;-76.57824601132151
2002-04-10;-76.62168610992933
2002-04-11;-76.66512622266744
2002-04-12;-76.70856633681932
2002-04-13;-76.78106535364662
2002-04-14;-76.84402711233378
2002-04-15;-76.88803488641327
2002-04-16;-76.93064178569428
2002-04-17;-76.97311065724861
2002-04-18;-77.0155756499924
2002-04-19;-77.05804025430213
2002-04-20;-77.0979253414646
2002-04-21;-77.08481896273516
2002-04-22;-77.07123137510706
2002-04-23;-77.05759542900809
2002-04-24;-77.04395464467831
2002-04-25;-77.07834090770517
2002-04-26;-77.08429257060959
2002-04-27;-77.12652488484744
2002-04-28;-77.16906530043788
2002-04-29;-77.21163668851328
2002-04-30;-77.25656733593244
2002-05-01;-77.30151959441126
2002-05-02;-77.34647402455926
2002-05-03;-77.41504949298799
2002-05-04;-77.46762056472836
2002-05-05;-77.510345552005
2002-05-06;-77.55293197922575
2002-05-07;-77.59550797073102
2002-05-08;-77.63808291804956
2002-05-09;-77.68065776094325
2002-05-10;-77.7232325933944
2002-05-11;-77.7658074248013
2002-05-12;-77.87776593565397
2002-05-13;-77.9209680385501
2002-05-14;-77.96360590806006
2002-05-15;-78.00683831501554
2002-05-16;-78.05007093362784
2002-05-17;-78.09330357629466
2002-05-18;-78.13653622139593
2002-05-19;-78.17927077920766
2002-05-20;-78.22184765283426
2002-05-21;-78.26687915831553
2002-05-22;-78.31193268735838
2002-05-23;-78.35698842976302
2002-05-24;-78.39982291824244
2002-05-25;-78.44244487418041
2002-05-26;-78.48502055126275
2002-05-27;-78.53633873127421
2002-05-28;-78.5789926155876
2002-05-29;-78.61526335060289
2002-05-30;-78.65146987118841
2002-05-31;-78.6876699416437
2002-06-01;-78.72386936679811
2002-06-02;-78.7600687274196
2002-06-03;-78.79626808158773
2002-06-04;-78.83877947588586
2002-06-05;-78.87530673804885
2002-06-06;-78.91178511880493
2002-06-07;-78.92709373807898
2002-06-08;-78.96941656560304
2002-06-09;-78.9827791977284
2002-06-10;-78.98691240540992
2002-06-11;-79.02911533799015
2002-06-12;-79.07165280695109
2002-06-13;-79.11422390027867
2002-06-14;-79.15679835775592
2002-06-15;-79.19937315166523
2002-06-16;-79.24194797921794
2002-06-17;-79.284522810135
2002-06-18;-79.32709764138849
2002-06-19;-79.36967247267563
2002-06-20;-79.41224730396611
2002-06-21;-79.45482213525693
2002-06-22;-79.4973969665478
2002-06-23;-79.29837424279727
2002-06-24;-79.09716732693012
2002-06-25;-79.13726725635777
2002-06-26;-79.17952877304207
2002-06-27;-79.22200753114609
2002-06-28;-79.25469722514151
2002-06-29;-79.29718240354855
2002-06-30;-79.3397482252451
2002-07-01;-79.382322155132
2002-07-02;-79.42031588604675
2002-07-03;-79.46284929314226
2002-07-04;-79.49181143367339
2002-07-05;-79.48825491822782
2002-07-06;-79.4843935031913
2002-07-07;-79.52650935301571
2002-07-08;-79.56903807782328
2002-07-09;-79.61160829637558
2002-07-10;-79.63810039304407
2002-07-11;-79.57064092244771
2002-07-12;-79.5023188120054
2002-07-13;-79.43391001630454
2002-07-14;-79.4746248021837
2002-07-15;-79.51619517511777
2002-07-16;-79.52220524861423
2002-07-17;-79.52790274305568
2002-07-18;-79.57011378400783
2002-07-19;-79.6038331168141
2002-07-20;-79.63750560919657
2002-07-21;-79.67117337964349
2002-07-22;-79.71365963148592
2002-07-23;-79.75622556489448
2002-07-24;-79.79879950599639
2002-07-25;-79.84137424826434
2002-07-26;-79.88394907065289
2002-07-27;-79.92652390105351
2002-07-28;-79.96909873225536
2002-07-29;-80.01167356353733
2002-07-30;-80.05424839482731
2002-07-31;-80.0132974488017
2002-08-01;-80.05511715513147
2002-08-02;-80.08802250196896
2002-08-03;-80.1209094112234
2002-08-04;-80.16338803492667
2002-08-05;-80.20595320201716
2002-08-06;-80.20619227928441
2002-08-07;-80.24855914169865
2002-08-08;-80.29188071568974
2002-08-09;-80.33524257580923
2002-08-10;-80.38050037463452
2002-08-11;-80.43196909978919
2002-08-12;-80.47545996863498
2002-08-13;-80.51805064246187
2002-08-14;-80.56965361159337
2002-08-15;-80.62133675683508
2002-08-16;-80.67302796011424
2002-08-17;-80.72471996960279
2002-08-18;-80.77641205971634
2002-08-19;-80.82810415789238
2002-08-20;-80.87979625687468
2002-08-21;-80.92417803101168
2002-08-22;-80.96677749074914
2002-08-23;-81.00935479298889
2002-08-24;-81.05192987145597
2002-08-25;-81.09450472746526
2002-08-26;-81.13707956122798
2002-08-27;-81.17965439276604
2002-08-28;-81.22222922408162
2002-08-29;-81.26480405537497
2002-08-30;-81.30737888666607
2002-08-31;-81.25512631395254
2002-09-01;-81.23642452189475
2002-09-02;-81.27262176768728
2002-09-03;-81.30933594307656
2002-09-04;-81.34387026794285
2002-09-05;-81.38636660481198
2002-09-06;-81.42893355063718
2002-09-07;-81.47150759302006
2002-09-08;-81.5140823454165
2002-09-09;-81.55196350328386
2002-09-10;-81.57593533501918
2002-09-11;-81.61833810277415
2002-09-12;-81.66089564429019
2002-09-13;-81.70346874576659
2002-09-14;-81.74604340406763
2002-09-15;-81.78861821805944
2002-09-16;-81.83354945824388
2002-09-17;-81.87850200340246
2002-09-18;-81.92345668962261
2002-09-19;-81.96841159005491
2002-09-20;-82.0171055483247
2002-09-21;-82.06043873512904
2002-09-22;-82.10738003667478
2002-09-23;-82.17850812345002
2002-09-24;-82.25237424064976
2002-09-25;-82.29845103962127
2002-09-26;-82.34454779502113
2002-09-27;-82.38878465822442
2002-09-28;-82.43137792262799
2002-09-29;-82.47302017585062
2002-09-30;-82.51465231565304
2002-10-01;-82.5562834398503
2002-10-02;-82.5979144624443
2002-10-03;-82.63954547487756
2002-10-04;-82.68117648629472
2002-10-05;-82.72374192643112
2002-10-06;-82.75608305286165
2002-10-07;-82.79749298388067
2002-10-08;-82.84004881458874
2002-10-09;-82.88262174055377
2002-10-10;-82.92519638125923
2002-10-11;-82.96687506093335
2002-10-12;-83.00740312545034
2002-10-13;-83.04897296577656
2002-10-14;-83.0700297702332
2002-10-15;-83.10592714824519
2002-10-16;-83.14672982470188
2002-10-17;-83.19001861018012
2002-10-18;-83.23313751868409
2002-10-19;-83.27643180388931
2002-10-20;-83.31911217481884
2002-10-21;-83.36178714858987
2002-10-22;-83.40436303062258
2002-10-23;-83.44815337294546
2002-10-24;-83.49073920281441
2002-10-25;-83.53660971134552
2002-10-26;-83.5792144382005
2002-10-27;-83.62179227381846
2002-10-28;-83.66436740569021
2002-10-29;-83.71178865334493
2002-10-30;-83.75925368829161
2002-10-31;-83.8067231236946
2002-11-01;-83.85419299936122
2002-11-02;-83.90166291905639
2002-11-03;-83.94745643096667
2002-11-04;-83.99404650594823
2002-11-05;-84.0386065495077
2002-11-06;-84.08645773594695
2002-11-07;-84.1343370463569
2002-11-08;-84.17696437506196
2002-11-09;-84.22743925912889
2002-11-10;-84.27248433774872
2002-11-11;-84.31994670754152
2002-11-12;-84.36847651524366
2002-11-13;-84.41701761392527
2002-11-14;-84.46555984651825
2002-11-15;-84.5084484123295
2002-11-16;-84.58460824572627
2002-11-17;-84.63969209526743
2002-11-18;-84.69461248877853
2002-11-19;-84.7702072175868
2002-11-20;-84.8563347179004
2002-11-21;-84.94257439877696
2002-11-22;-85.02882534502935
2002-11-23;-85.10181575098517
2002-11-24;-85.17468637592874
2002-11-25;-85.24754496331687
2002-11-26;-85.33374880340723
2002-11-27;-85.38755631597799
2002-11-28;-85.43052039552323
2002-11-29;-85.47948029042045
2002-11-30;-85.52303585535941
2002-12-01;-85.57922477007111
2002-12-02;-85.63552378717796
2002-12-03;-85.69462448174905
2002-12-04;-85.73783892590262
2002-12-05;-85.78179954904813
2002-12-06;-85.83329683880486
2002-12-07;-85.87834278463089
2002-12-08;-85.92100486405826
2002-12-09;-85.9636406200304
2002-12-10;-86.00627373291367
2002-12-11;-86.04890658138031
2002-12-12;-86.09153940340416
2002-12-13;-86.13417222278375
2002-12-14;-86.17700524368637
2002-12-15;-86.21984007451117
2002-12-16;-86.2748659040104
2002-12-17;-86.32800127126141
2002-12-18;-86.37180066705903
2002-12-19;-86.41560186608969
2002-12-20;-86.45939530350952
2002-12-21;-86.5103437286482
2002-12-22;-86.56836380920262
2002-12-23;-86.61108530000186
2002-12-24;-86.65377791155711
2002-12-25;-86.6970617432009
2002-12-26;-86.74034979813963
2002-12-27;-86.78331442802693
2002-12-28;-86.82627617263859
2002-12-29;-86.86921258143045
2002-12-30;-86.91197206232951
2002-12-31;-86.95571059537382
2003-01-01;-86.99839453723786
2003-01-02;-87.04633467803416
2003-01-03;-87.0889581943074
2003-01-04;-87.1381136593337
2003-01-05;-87.18096372266811
2003-01-06;-87.22463196302526
2003-01-07;-87.26830284495975
2003-01-08;-87.30549173280815
2003-01-09;-87.34262204379267
2003-01-10;-87.3797464680301
2003-01-11;-87.41687030330127
2003-01-12;-87.45399407967288
2003-01-13;-87.49111785015451
2003-01-14;-87.53349886954742
2003-01-15;-87.57420601740687
2003-01-16;-87.61490237918116
2003-01-17;-87.65745862814055
2003-01-18;-87.7000315927714
2003-01-19;-87.74260623731173
2003-01-20;-87.78518104992669
2003-01-21;-87.82781518942922
2003-01-22;-87.87044986681258
2003-01-23;-87.91403392338363
2003-01-24;-87.95715160206407
2003-01-25;-87.9998413400345
2003-01-26;-88.04252689499197
2003-01-27;-88.0857396347236
2003-01-28;-88.13038224223197
2003-01-29;-88.17439210517071
2003-01-30;-88.2182036502395
2003-01-31;-88.26165822146869
2003-02-01;-88.30443924497956
2003-02-02;-88.3472138657261
2003-02-03;-88.40107846413206
2003-02-04;-88.47095160449479
2003-02-05;-88.52131501610903
2003-02-06;-88.57480660209653
2003-02-07;-88.75187901561313
2003-02-08;-88.93006991206818
2003-02-09;-89.10837321092947
2003-02-10;-89.286687755591
2003-02-11;-89.46500342488815
2003-02-12;-89.64331920664945
2003-02-13;-89.82163499965714
2003-02-14;-89.99995079378948
2003-02-15;-90.17826658803426
2003-02-16;-90.35658238229034
2003-02-17;-90.5348981765475
2003-02-18;-90.71321397080483
2003-02-19;-90.89152976506213
2003-02-20;-91.06984555931943
2003-02-21;-91.24816135357675
2003-02-22;-91.42647714783402
2003-02-23;-91.60479294209134
2003-02-24;-91.78310873634864
2003-02-25;-91.96142453060594
2003-02-26;-92.13974032486323
2003-02-27;-92.31805611912053
2003-02-28;-92.49637191337784
2003-03-01;-92.67468770763513
2003-03-02;-92.85300350189245
2003-03-03;-92.95069540184174
2003-03-04;-92.99450325468347
2003-03-05;-93.03775730139192
2003-03-06;-93.08095572555708
2003-03-07;-93.12353731850398
2003-03-08;-93.16611282872887
2003-03-09;-93.21166164416029
2003-03-10;-93.25723728451464
2003-03-11;-93.30281562069358
2003-03-12;-93.34839422658874
2003-03-13;-93.39099894323752
2003-03-14;-93.43357677653184
2003-03-15;-93.47615190815817
2003-03-16;-93.51872676948393
2003-03-17;-93.56130160377829
2003-03-18;-93.60387643536951
2003-03-19;-93.64645126669042
2003-03-20;-93.68902609798428
2003-03-21;-93.73160092927544
2003-03-22;-93.77417576056637
2003-03-23;-93.81675059185724
2003-03-24;-93.8593254231481
2003-03-25;-93.90190025443897
2003-03-26;-93.94447508572985
2003-03-27;-93.9870499170207
2003-03-28;-94.02962474831156
2003-03-29;-94.07219957960244
2003-03-30;-94.1147744108933
2003-03-31;-94.07515127986011
2003-04-01;-94.12368803164001
2003-04-02;-94.17295384127321
2003-04-03;-94.21984982993513
2003-04-04;-94.26246914573517
2003-04-05;-94.30504844488807
2003-04-06;-94.35233412559734
2003-04-07;-94.39966198899258
2003-04-08;-94.45538471813494
2003-04-09;-94.51118372790698
2003-04-10;-94.56987490319419
2003-04-11;-94.61260739446503
2003-04-12;-94.6551980640149
2003-04-13;-94.67262327024804
2003-04-14;-94.68981966781939
2003-04-15;-94.70699307176034
2003-04-16;-94.72416417520684
2003-04-17;-94.74133504859257
2003-04-18;-94.7585058989721
2003-04-19;-94.77567674705102
2003-04-20;-94.79284759489988
2003-04-21;-94.81001844272573
2003-04-22;-94.82663399796586
2003-04-23;-94.84324453301558
2003-04-24;-94.85985456355674
2003-04-25;-94.87646454362206
2003-04-26;-94.89307451863957
2003-04-27;-94.93539099534435
2003-04-28;-94.97793987476209
2003-04-29;-95.02051210969765
2003-04-30;-95.03834662453913
2003-05-01;-95.07685390500781
2003-05-02;-95.115527645999
2003-05-03;-95.14864585500578
2003-05-04;-95.1841542245037
2003-05-05;-95.21967974766282
2003-05-06;-95.25520699687135
2003-05-07;-95.29073441879198
2003-05-08;-95.3262618579849
2003-05-09;-95.36523551764265
2003-05-10;-95.3809704041421
2003-05-11;-95.4051321504818
2003-05-12;-95.44246001185049
2003-05-13;-95.44365238469645
2003-05-14;-95.46105561610503
2003-05-15;-95.50336812749447
2003-05-16;-95.54591661378959
2003-05-17;-95.58848880944709
2003-05-18;-95.62966090904852
2003-05-19;-95.63857353940497
2003-05-20;-95.65631916820847
2003-05-21;-95.6804387226369
2003-05-22;-95.70851326718739
2003-05-23;-95.7509396493548
2003-05-24;-95.78607168406552
2003-05-25;-95.82114998431845
2003-05-26;-95.8548152160295
2003-05-27;-95.86767559085733
2003-05-28;-95.90759924710338
2003-05-29;-95.94775026018006
2003-05-30;-95.9902986857669
2003-05-31;-96.03287086572165
2003-06-01;-95.94916430427487
2003-06-02;-95.86431632163364
2003-06-03;-95.77935363073472
2003-06-04;-95.69437946332977
2003-06-05;-95.60940414821744
2003-06-06;-95.64114377904416
2003-06-07;-95.68350464189855
2003-06-08;-95.72605802772183
2003-06-09;-95.74176431364421
2003-06-10;-95.7510542433607
2003-06-11;-95.7602641273562
2003-06-12;-95.76946597788582
2003-06-13;-95.7976740190913
2003-06-14;-95.84008861876674
2003-06-15;-95.88264736247444
2003-06-16;-95.88252832780606
2003-06-17;-95.88202477705123
2003-06-18;-95.92417483985226
2003-06-19;-95.96670700097731
2003-06-20;-96.00927756331204
2003-06-21;-96.0518519676879
2003-06-22;-96.09442675628706
2003-06-23;-96.13700158330876
2003-06-24;-96.17957641417271
2003-06-25;-96.22215124542089
2003-06-26;-96.26472607670752
2003-06-27;-96.23882290802244
2003-06-28;-96.21230065564015
2003-06-29;-96.18571618788987
2003-06-30;-96.15912549552259
2003-07-01;-96.13253418066279
2003-07-02;-96.1554269057255
2003-07-03;-96.17876699161482
2003-07-04;-96.19736190769673
2003-07-05;-96.23970204160317
2003-07-06;-96.28225329566462
2003-07-07;-96.32482576815407
2003-07-08;-96.36740036355403
2003-07-09;-96.40997517125567
2003-07-10;-96.4525500001876
2003-07-11;-96.48116028794706
2003-07-12;-96.50964432776465
2003-07-13;-96.53811568018268
2003-07-14;-96.56658576323262
2003-07-15;-96.59505571933946
2003-07-16;-96.62352566275192
2003-07-17;-96.58627904298744
2003-07-18;-96.62811940971856
2003-07-19;-96.67062043669532
2003-07-20;-96.71318788396427
2003-07-21;-96.72653954198037
2003-07-22;-96.74560601959828
2003-07-23;-96.78744671093085
2003-07-24;-96.81979507487937
2003-07-25;-96.83768755379394
2003-07-26;-96.85544322796834
2003-07-27;-96.87318515673373
2003-07-28;-96.91116341034949
2003-07-29;-96.9261424270831
2003-07-30;-96.94093023668903
2003-07-31;-96.95569882256348
2003-08-01;-96.99799716954833
2003-08-02;-97.04054422772866
2003-08-03;-97.08311628045755
2003-08-04;-97.12569083387969
2003-08-05;-97.16826563738356
2003-08-06;-97.21084046589574
2003-08-07;-97.25341529690874
2003-08-08;-97.29599012817181
2003-08-09;-97.33856495945992
2003-08-10;-97.3811397907505
2003-08-11;-97.42371462204133
2003-08-12;-97.4662894533322
2003-08-13;-97.50886428462306
2003-08-14;-97.55143911591392
2003-08-15;-97.56710454237381
2003-08-16;-97.60943609591344
2003-08-17;-97.65198647878985
2003-08-18;-97.5229353929635
2003-08-19;-97.56395839674765
2003-08-20;-97.60637727587117
2003-08-21;-97.64893650422547
2003-08-22;-97.69150977514548
2003-08-23;-97.73408445039846
2003-08-24;-97.77665926608555
2003-08-25;-97.81923409581603
2003-08-26;-97.86180892695084
2003-08-27;-97.90438375822612
2003-08-28;-97.94695858951542
2003-08-29;-97.96215837959863
2003-08-30;-97.96018981198452
2003-08-31;-97.91132142459472
2003-09-01;-97.95303066439385
2003-09-02;-97.99551852648241
2003-09-03;-98.03808465673892
2003-09-04;-98.08065861788519
2003-09-05;-98.12323336216119
2003-09-06;-98.16580818475056
2003-09-07;-98.2083830151713
2003-09-08;-98.24375736200228
2003-09-09;-98.28626709642865
2003-09-10;-98.32846848208979
2003-09-11;-98.30647576299552
2003-09-12;-98.34846650058594
2003-09-13;-98.39098263304096
2003-09-14;-98.39788324840208
2003-09-15;-98.4044666852436
2003-09-16;-98.41101824435484
2003-09-17;-98.41756661408894
2003-09-18;-98.42411466486925
2003-09-19;-98.43066268375402
2003-09-20;-98.43721069944925
2003-09-21;-98.44375871482553
2003-09-22;-98.4503067301699
2003-09-23;-98.4568547455111
2003-09-24;-98.49907110399381
2003-09-25;-98.5107775687002
2003-09-26;-98.52223769602863
2003-09-27;-98.53367305299706
2003-09-28;-98.54510593155868
2003-09-29;-98.57456109775033
2003-09-30;-98.60776753858434
2003-10-01;-98.64102279227669
2003-10-02;-98.68288493093101
2003-10-03;-98.72482532688217
2003-10-04;-98.76484373035662
2003-10-05;-98.8037505830192
2003-10-06;-98.84560722207779
2003-10-07;-98.88105676911574
2003-10-08;-98.92335048934461
2003-10-09;-98.962016732972
2003-10-10;-99.00455545253669
2003-10-11;-99.04712665515736
2003-10-12;-99.08970112340563
2003-10-13;-99.1322759183905
2003-10-14;-99.17485074605074
2003-10-15;-99.2347645407213
2003-10-16;-99.29483509073177
2003-10-17;-99.35492139400966
2003-10-18;-99.41500927339426
2003-10-19;-99.4750973103973
2003-10-20;-99.53518536316226
2003-10-21;-99.65092334254233
2003-10-22;-99.78829573486023
2003-10-23;-99.92590972779087
2003-10-24;-99.99376614503485
2003-10-25;-100.0443608416312
2003-10-26;-100.0947420057895
2003-10-27;-100.1451017389955
2003-10-28;-100.19545932832666
2003-10-29;-100.24581670326255
2003-10-30;-100.28931899395519
2003-10-31;-100.33190928882033
2003-11-01;-100.43568545884912
2003-11-02;-100.4889514338633
2003-11-03;-100.55350155125069
2003-11-04;-100.64570349324822
2003-11-05;-100.73816137329317
2003-11-06;-100.83064497132304
2003-11-07;-100.92313114239731
2003-11-08;-101.01561757078849
2003-11-09;-101.10810402491147
2003-11-10;-101.20059048160765
2003-11-11;-101.29307693856114
2003-11-12;-101.38556339554037
2003-11-13;-101.47804985252218
2003-11-14;-101.5211213127865
2003-11-15;-101.56458957968941
2003-11-16;-101.6078898019922
2003-11-17;-101.69575025601404
2003-11-18;-101.74059759829164
2003-11-19;-101.80607492959217
2003-11-20;-101.87170655275848
2003-11-21;-101.93735369724452
2003-11-22;-102.00300239478705
2003-11-23;-102.06865124764442
2003-11-24;-102.1343001160334
2003-11-25;-102.19994898597554
2003-11-26;-102.26559785607299
2003-11-27;-102.33124672618597
2003-11-28;-102.45849618114136
2003-11-29;-102.51608915598882
2003-11-30;-102.58228303165404
2003-12-01;-102.64850170499123
2003-12-02;-102.71472289611923
2003-12-03;-102.7809443394079
2003-12-04;-102.84716580791644
2003-12-05;-102.91338727894703
2003-12-06;-102.9796087502298
2003-12-07;-103.02230945370424
2003-12-08;-103.06479751481538
2003-12-09;-103.10726420624268
2003-12-10;-103.1497287596436
2003-12-11;-103.1921930992313
2003-12-12;-103.23465741743756
2003-12-13;-103.27376409099242
2003-12-14;-103.31284040915743
2003-12-15;-103.35490737365953
2003-12-16;-103.39747445923051
2003-12-17;-103.43967915590214
2003-12-18;-103.48188121249352
2003-12-19;-103.52408300344365
2003-12-20;-103.56628476781324
2003-12-21;-103.6033192958829
2003-12-22;-103.64318428487466
2003-12-23;-103.73541365489271
2003-12-24;-103.82811838310052
2003-12-25;-103.92087088191707
2003-12-26;-104.01362816015022
2003-12-27;-104.1063859163486
2003-12-28;-104.19914372034373
2003-12-29;-104.25898459070096
2003-12-30;-104.3031806941525
2003-12-31;-104.44312800430036
2004-01-01;-104.52601043955845
2004-01-02;-104.61770015675745
2004-01-03;-104.66075969238453
2004-01-04;-104.70338321412055
2004-01-05;-104.75592803712807
2004-01-06;-104.80222745049538
2004-01-07;-104.8448721662375
2004-01-08;-104.88807491909256
2004-01-09;-104.93238287233328
2004-01-10;-104.97597395282851
2004-01-11;-105.019852030482
2004-01-12;-105.0682366024241
2004-01-13;-105.12182193017483
2004-01-14;-105.16578120766759
2004-01-15;-105.20960911436262
2004-01-16;-105.25458296385
2004-01-17;-105.30451738892829
2004-01-18;-105.35063439454139
2004-01-19;-105.39368502601924
2004-01-20;-105.44397091151204
2004-01-21;-105.48768467329111
2004-01-22;-105.54539074545777
2004-01-23;-105.60321840401231
2004-01-24;-105.66105828388103
2004-01-25;-105.71204152033657
2004-01-26;-105.76957868068233
2004-01-27;-105.84289512291298
2004-01-28;-105.90472212138117
2004-01-29;-105.96935342082499
2004-01-30;-106.01214599481452
2004-01-31;-106.04385606870859
2004-02-01;-106.07544803587774
2004-02-02;-106.10702814258599
2004-02-03;-106.13860706274863
2004-02-04;-106.1701858642517
2004-02-05;-106.20176465388877
2004-02-06;-106.23334344233923
2004-02-07;-106.26492223067103
2004-02-08;-106.29726987970753
2004-02-09;-106.33300813052688
2004-02-10;-106.35638298741036
2004-02-11;-106.37964893274402
2004-02-12;-106.42428020067581
2004-02-13;-106.46910362815912
2004-02-14;-106.51394636742538
2004-02-15;-106.55879103883143
2004-02-16;-106.60363590346104
2004-02-17;-106.6484807874131
2004-02-18;-106.69332567329742
2004-02-19;-106.74916473122423
2004-02-20;-106.80510318331979
2004-02-21;-106.86105162412093
2004-02-22;-106.91700106428713
2004-02-23;-107.07899100330664
2004-02-24;-107.12265758531314
2004-02-25;-107.16685016750515
2004-02-26;-107.21095764930112
2004-02-27;-107.26040331142804
2004-02-28;-107.30989646010224
2004-02-29;-107.35939438140144
2004-03-01;-107.40889278020364
2004-03-02;-107.45839122675855
2004-03-03;-107.50788967808877
2004-03-04;-107.5573881298965
2004-03-05;-107.60688658175201
2004-03-06;-107.68044513378591
2004-03-07;-107.73673149913108
2004-03-08;-107.85609235637487
2004-03-09;-107.8993751003359
2004-03-10;-107.9421597900895
2004-03-11;-107.98528775831306
2004-03-12;-108.0280806828745
2004-03-13;-108.07087034297146
2004-03-14;-108.11365967514962
2004-03-15;-108.15747999184904
2004-03-16;-108.20130962630535
2004-03-17;-108.24514019715961
2004-03-18;-108.2889708617
2004-03-19;-108.33280153560948
2004-03-20;-108.37663221045588
2004-03-21;-108.42188568546312
2004-03-22;-108.4713947876412
2004-03-23;-108.52764415895986
2004-03-24;-108.59948818984819
2004-03-25;-108.64154239671348
2004-03-26;-108.68403635205533
2004-03-27;-108.72661232104619
2004-03-28;-108.76918726562955
2004-03-29;-108.8117621082449
2004-03-30;-108.85433694066818
2004-03-31;-108.89691177207226
2004-04-01;-108.93948660337448
2004-04-02;-108.98206143466646
2004-04-03;-109.02463626595744
2004-04-04;-109.06721109724832
2004-04-05;-109.10276000265996
2004-04-06;-109.12355418266739
2004-04-07;-109.15405700110426
2004-04-08;-109.1965205857944
2004-04-09;-109.23908274387594
2004-04-10;-109.289891524294
2004-04-11;-109.33368762140235
2004-04-12;-109.38961676743058
2004-04-13;-109.44565043440369
2004-04-14;-109.50169460780387
2004-04-15;-109.55773983239192
2004-04-16;-109.6137851621042
2004-04-17;-109.66983050232895
2004-04-18;-109.72587584360495
2004-04-19;-109.78403197922145
2004-04-20;-109.82675992721845
2004-04-21;-109.86935014003858
2004-04-22;-109.91192651018325
2004-04-23;-109.95450149536651
2004-04-24;-109.9970763420467
2004-04-25;-110.03965117487651
2004-04-26;-110.08222600632128
2004-04-27;-110.12480083762753
2004-04-28;-110.16737566891995
2004-04-29;-110.20995050021097
2004-04-30;-110.25252533150186
2004-05-01;-110.29510016279272
2004-05-02;-110.33767499408359
2004-05-03;-110.37967839958847
2004-05-04;-110.42167663904897
2004-05-05;-110.45086716553708
2004-05-06;-110.49845176015575
2004-05-07;-110.54557936391134
2004-05-08;-110.59137681983024
2004-05-09;-110.68197894773323
2004-05-10;-110.7263491397512
2004-05-11;-110.77033831892884
2004-05-12;-110.8142891897608
2004-05-13;-110.85687809640041
2004-05-14;-110.89337979103183
2004-05-15;-110.9298252956959
2004-05-16;-110.96626515406895
2004-05-17;-111.002704447539
2004-05-18;-111.03914368451605
2004-05-19;-111.07558291584375
2004-05-20;-111.11202214660652
2004-05-21;-111.1484613773128
2004-05-22;-111.18617919887227
2004-05-23;-111.22383892882365
2004-05-24;-111.26149919074561
2004-05-25;-111.2991595056099
2004-05-26;-111.33681982576584
2004-05-27;-111.37448014645092
2004-05-28;-111.41585352157668
2004-05-29;-111.44113391029599
2004-05-30;-111.46627187841224
2004-05-31;-111.49139553233718
2004-06-01;-111.52086502108175
2004-06-02;-111.53926352663119
2004-06-03;-111.58503124235416
2004-06-04;-111.62789245778092
2004-06-05;-111.67125885888768
2004-06-06;-111.72041968662926
2004-06-07;-111.76963327918355
2004-06-08;-111.8188521741995
2004-06-09;-111.86807159972233
2004-06-10;-111.91729107829842
2004-06-11;-111.96651056217986
2004-06-12;-112.00949538091493
2004-06-13;-112.05475687438386
2004-06-14;-112.0994553850078
2004-06-15;-112.14415021938613
2004-06-16;-112.18884468364897
2004-06-17;-112.23144060934627
2004-06-18;-112.27401755958105
2004-06-19;-112.27453576104598
2004-06-20;-112.31673039353691
2004-06-21;-112.35926701639998
2004-06-22;-112.40183802495629
2004-06-23;-112.39146958730494
2004-06-24;-112.43356574375255
2004-06-25;-112.47609247020732
2004-06-26;-112.51866248863318
2004-06-27;-112.56123683861371
2004-06-28;-112.60381162177332
2004-06-29;-112.64638644825105
2004-06-30;-112.6889612790606
2004-07-01;-112.73153611030332
2004-07-02;-112.76796176762909
2004-07-03;-112.7999347520453
2004-07-04;-112.83186239731634
2004-07-05;-112.86378548868342
2004-07-06;-112.87633963040567
2004-07-07;-112.9186333719098
2004-07-08;-112.92261705772566
2004-07-09;-112.96484043069846
2004-07-10;-113.0008938282609
2004-07-11;-113.01766419205815
2004-07-12;-113.02517719431293
2004-07-13;-113.03164128539963
2004-07-14;-113.07281882371763
2004-07-15;-113.11430849597087
2004-07-16;-113.15582953728038
2004-07-17;-113.19735371705734
2004-07-18;-113.23991806278717
2004-07-19;-113.28249184081287
2004-07-20;-113.32506656672994
2004-07-21;-113.36764138748298
2004-07-22;-113.39415050292133
2004-07-23;-113.38857358520966
2004-07-24;-113.26859804890287
2004-07-25;-113.30966230301686
2004-07-26;-113.3520853476943
2004-07-27;-113.3946449930106
2004-07-28;-113.43721830563085
2004-07-29;-113.47979298505392
2004-07-30;-113.52236780115801
2004-07-31;-113.56494263093019
2004-08-01;-113.6075174620692
2004-08-02;-113.65009229334487
2004-08-03;-113.69266712463423
2004-08-04;-113.73524195592492
2004-08-05;-113.74956384957856
2004-08-06;-113.78929356808574
2004-08-07;-113.79628180494834
2004-08-08;-113.83853043399786
2004-08-09;-113.88107248561481
2004-08-10;-113.92364403733846
2004-08-11;-113.9662185406566
2004-08-12;-113.99762161975173
2004-08-13;-114.04009544847322
2004-08-14;-114.07833316118048
2004-08-15;-114.12086785845146
2004-08-16;-114.16343865693678
2004-08-17;-114.20601308475241
2004-08-18;-114.24858787569381
2004-08-19;-114.27294646818184
2004-08-20;-114.28456277104938
2004-08-21;-114.30561488203558
2004-08-22;-114.34796816759335
2004-08-23;-114.33701409168445
2004-08-24;-114.32559630738774
2004-08-25;-114.35565271660188
2004-08-26;-114.39574233210033
2004-08-27;-114.41260656863538
2004-08-28;-114.42927221313253
2004-08-29;-114.44591789419728
2004-08-30;-114.48823492599381
2004-08-31;-114.53078386107097
2004-09-01;-114.57335610157398
2004-09-02;-114.61593067377439
2004-09-03;-114.65850547915608
2004-09-04;-114.70108030785603
2004-09-05;-114.74365513888782
2004-09-06;-114.78622997015276
2004-09-07;-114.82880480144105
2004-09-08;-114.87137963273165
2004-09-09;-114.91395446402248
2004-09-10;-114.95652929531335
2004-09-11;-114.99910412660421
2004-09-12;-114.9944531844541
2004-09-13;-115.0289430118361
2004-09-14;-115.0637476492515
2004-09-15;-115.05604428784366
2004-09-16;-115.09815721753333
2004-09-17;-115.14068563327126
2004-09-18;-115.1832558207454
2004-09-19;-115.22583018763198
2004-09-20;-115.26840497248219
2004-09-21;-115.31097979912899
2004-09-22;-115.35355462995545
2004-09-23;-115.36181626574076
2004-09-24;-115.35181414708579
2004-09-25;-115.36267066484832
2004-09-26;-115.39083528359173
2004-09-27;-115.4332494235333
2004-09-28;-115.47580812115015
2004-09-29;-115.51838133842611
2004-09-30;-115.56095600830902
2004-10-01;-115.60353082345901
2004-10-02;-115.64610565313579
2004-10-03;-115.68868048426525
2004-10-04;-115.73125531553998
2004-10-05;-115.77383014682924
2004-10-06;-115.81640497811993
2004-10-07;-115.85897980941078
2004-10-08;-115.86998645895287
2004-10-09;-115.88522823790424
2004-10-10;-115.87300068433719
2004-10-11;-115.91381275426704
2004-10-12;-115.95610108208577
2004-10-13;-115.99866753749245
2004-10-14;-116.04124153011469
2004-10-15;-116.0817572070826
2004-10-16;-116.12325121343343
2004-10-17;-116.16435658370892
2004-10-18;-116.2069170815853
2004-10-19;-116.24364660084899
2004-10-20;-116.28616845584376
2004-10-21;-116.3195660656747
2004-10-22;-116.34728079663641
2004-10-23;-116.37493700346342
2004-10-24;-116.4025873323399
2004-10-25;-116.43023707316519
2004-10-26;-116.45788675518276
2004-10-27;-116.50028914646789
2004-10-28;-116.54284492152846
2004-10-29;-116.58538464630908
2004-10-30;-116.62792546236344
2004-10-31;-116.67046638741986
2004-11-01;-116.71300732337527
2004-11-02;-116.75557232222332
2004-11-03;-116.798137538714
2004-11-04;-116.84070277707684
2004-11-05;-116.88198826056824
2004-11-06;-116.92312460582919
2004-11-07;-116.96425854468859
2004-11-08;-117.00669431425015
2004-11-09;-117.04914183121414
2004-11-10;-117.09159052875572
2004-11-11;-117.1319812246437
2004-11-12;-117.17235332566152
2004-11-13;-117.21272355796545
2004-11-14;-117.2549618967882
2004-11-15;-117.27906552214297
2004-11-16;-117.30300674143997
2004-11-17;-117.32693163883867
2004-11-18;-117.3508549032319
2004-11-19;-117.37477800431645
2004-11-20;-117.41615899606127
2004-11-21;-117.45207176273802
2004-11-22;-117.48794952752736
2004-11-23;-117.52460785272316
2004-11-24;-117.56501050904632
2004-11-25;-117.59453789150417
2004-11-26;-117.62397010663896
2004-11-27;-117.64378619641579
2004-11-28;-117.67712003467398
2004-11-29;-117.71056805190328
2004-11-30;-117.74402754759349
2004-12-01;-117.77748819173749
2004-12-02;-117.81094895073292
2004-12-03;-117.88189065525492
2004-12-04;-117.95317121187387
2004-12-05;-118.02448582173575
2004-12-06;-118.09580383860788
2004-12-07;-118.16712219619788
2004-12-08;-118.23844058785984
2004-12-09;-118.309758982929
2004-12-10;-118.38107737833887
2004-12-11;-118.45239577378281
2004-12-12;-118.52371416923016
2004-12-13;-118.59503256467785
2004-12-14;-118.66635096012558
2004-12-15;-118.73766935557332
2004-12-16;-118.80898775102105
2004-12-17;-118.88030614646878
2004-12-18;-118.92563329829505
2004-12-19;-119.05954639404817
2004-12-20;-119.1029516337064
2004-12-21;-119.14560991521375
2004-12-22;-119.18819309563371
2004-12-23;-119.23076876187856
2004-12-24;-119.27362170583689
2004-12-25;-119.31647708820557
2004-12-26;-119.3610320171721
2004-12-27;-119.40464113098727
2004-12-28;-119.44838394215007
2004-12-29;-119.49148169856402
2004-12-30;-119.53406231464173
2004-12-31;-119.57663772675629
2005-01-01;-119.61921261615304
2005-01-02;-119.66780996310534
2005-01-03;-119.71091703121478
2005-01-04;-119.73996735933879
2005-01-05;-119.76888651927656
2005-01-06;-119.7977924993305
2005-01-07;-119.82299469351044
2005-01-08;-119.8481632832159
2005-01-09;-119.87332849587504
2005-01-10;-119.898493370663
2005-01-11;-119.92365821166219
2005-01-12;-119.94882304928247
2005-01-13;-119.97777630561873
2005-01-14;-120.01859137651411
2005-01-15;-120.05951681789763
2005-01-16;-120.1004533495253
2005-01-17;-120.14139099071112
2005-01-18;-120.18232874285809
2005-01-19;-120.22432030937894
2005-01-20;-120.25767912540186
2005-01-21;-120.27880116287372
2005-01-22;-120.3208398937654
2005-01-23;-120.3631094690469
2005-01-24;-120.39300003556073
2005-01-25;-120.42593159973981
2005-01-26;-120.46691994873537
2005-01-27;-120.50798273321897
2005-01-28;-120.5490529974294
2005-01-29;-120.59012400997547
2005-01-30;-120.63119509735874
2005-01-31;-120.67226619222579
2005-02-01;-120.71333728784118
2005-02-02;-120.756289608803
2005-02-03;-120.79887433416205
2005-02-04;-120.84158567955026
2005-02-05;-120.88429800721818
2005-02-06;-120.92701043367316
2005-02-07;-120.9697228700125
2005-02-08;-121.01243530734031
2005-02-09;-121.055147744767
2005-02-10;-121.09786018220353
2005-02-11;-121.1489862319854
2005-02-12;-121.23155754686265
2005-02-13;-121.27900864554599
2005-02-14;-121.32399356185401
2005-02-15;-121.38092178189358
2005-02-16;-121.43567967772994
2005-02-17;-121.47935724475258
2005-02-18;-121.52195321991367
2005-02-19;-121.56945998711616
2005-02-20;-121.61966603895671
2005-02-21;-121.70257412528252
2005-02-22;-121.78002899245692
2005-02-23;-121.82317112426045
2005-02-24;-121.95616298294452
2005-02-25;-122.0899385842297
2005-02-26;-122.22379296244117
2005-02-27;-122.3576552223854
2005-02-28;-122.40995354214692
2005-03-01;-122.4615145448707
2005-03-02;-122.51300145022245
2005-03-03;-122.56448094216815
2005-03-04;-122.61595969273651
2005-03-05;-122.6674383691668
2005-03-06;-122.73219866983149
2005-03-07;-122.78344480262507
2005-03-08;-122.83457974029
2005-03-09;-122.90110078770176
2005-03-10;-122.94672087275228
2005-03-11;-122.98934375150657
2005-03-12;-123.03192340126733
2005-03-13;-123.07499001737727
2005-03-14;-123.11756933855109
2005-03-15;-123.16014462103286
2005-03-16;-123.20271949746493
2005-03-17;-123.24529433327015
2005-03-18;-123.28786916501245
2005-03-19;-123.33044399634848
2005-03-20;-123.37301882764386
2005-03-21;-123.41559365893517
2005-03-22;-123.45816849022609
2005-03-23;-123.50074332151696
2005-03-24;-123.54541387481751
2005-03-25;-123.59270346139087
2005-03-26;-123.63532264977016
2005-03-27;-123.68081392625677
2005-03-28;-123.72341552963054
2005-03-29;-123.76599305118675
2005-03-30;-123.82478738776126
2005-03-31;-123.86763225658696
2005-04-01;-123.91022294190061
2005-04-02;-123.96371752432147
2005-04-03;-124.01730938573391
2005-04-04;-124.07091102398071
2005-04-05;-124.12451364040199
2005-04-06;-124.1781163546456
2005-04-07;-124.23171907867149
2005-04-08;-124.29957795183255
2005-04-09;-124.38802459198176
2005-04-10;-124.43103595046706
2005-04-11;-124.4740030790925
2005-04-12;-124.51693388729204
2005-04-13;-124.55986106296777
2005-04-14;-124.60278787538633
2005-04-15;-124.64571465147915
2005-04-16;-124.68906258852377
2005-04-17;-124.73314297054033
2005-04-18;-124.77842753461972
2005-04-19;-124.82404536464658
2005-04-20;-124.87198021425034
2005-04-21;-124.91460623402659
2005-04-22;-124.9595143507868
2005-04-23;-125.00443888705142
2005-04-24;-125.04821987602698
2005-04-25;-125.09525219395805
2005-04-26;-125.13582689980032
2005-04-27;-125.1763458282893
2005-04-28;-125.19265421954638
2005-04-29;-125.20874322222411
2005-04-30;-125.22481017752628
2005-05-01;-125.24087492700207
2005-05-02;-125.25693945588438
2005-05-03;-125.27300396270721
2005-05-04;-125.31181853986267
2005-05-05;-125.34134027799622
2005-05-06;-125.36896364245328
2005-05-07;-125.36915478566308
2005-05-08;-125.4113330544314
2005-05-09;-125.4478182223752
2005-05-10;-125.47693240915878
2005-05-11;-125.51938018315765
2005-05-12;-125.56194224836376
2005-05-13;-125.6045158024406
2005-05-14;-125.64709050600399
2005-05-15;-125.68966532452203
2005-05-16;-125.72710453708046
2005-05-17;-125.76911641325664
2005-05-18;-125.81116538306692
2005-05-19;-125.84915159490784
2005-05-20;-125.88710141636
2005-05-21;-125.92504758054463
2005-05-22;-125.95267439217399
2005-05-23;-125.97782701599064
2005-05-24;-126.01176302864913
2005-05-25;-126.04577562651278
2005-05-26;-126.0797959223011
2005-05-27;-126.11381698827729
2005-05-28;-126.14783813127622
2005-05-29;-126.18185928197747
2005-05-30;-126.21588043344894
2005-05-31;-126.25837015419586
2005-06-01;-126.2565187906359
2005-06-02;-126.25427355802324
2005-06-03;-126.25198873975457
2005-06-04;-126.25298417791838
2005-06-05;-126.2814961138813
2005-06-06;-126.31025949549803
2005-06-07;-126.33468807574147
2005-06-08;-126.37708606153763
2005-06-09;-126.41964312693362
2005-06-10;-126.46221618081887
2005-06-11;-126.504790834361
2005-06-12;-126.5473656478769
2005-06-13;-126.4645600489197
2005-06-14;-126.49387708519052
2005-06-15;-126.53622839164916
2005-06-16;-126.57853290202748
2005-06-17;-126.62085534178794
2005-06-18;-126.66317957397096
2005-06-19;-126.70550398539105
2005-06-20;-126.74782841473478
2005-06-21;-126.79015284587088
2005-06-22;-126.83247727718621
2005-06-23;-126.87480170851948
2005-06-24;-126.91712613985452
2005-06-25;-126.9596984796242
2005-06-26;-127.00227306064025
2005-06-27;-127.04484786689237
2005-06-28;-127.08742269567924
2005-06-29;-127.12999752671969
2005-06-30;-127.15203970647522
2005-07-01;-127.16270027593274
2005-07-02;-127.16049920751831
2005-07-03;-127.15817090716583
2005-07-04;-127.15582982598322
2005-07-05;-127.14383362004573
2005-07-06;-127.14121427852065
2005-07-07;-127.18131090830254
2005-07-08;-127.22159533352676
2005-07-09;-127.25548310700131
2005-07-10;-127.28931647684564
2005-07-11;-127.31255469658394
2005-07-12;-127.35494681191535
2005-07-13;-127.39750328491505
2005-07-14;-127.44007627950697
2005-07-15;-127.48265092711924
2005-07-16;-127.52522574004215
2005-07-17;-127.56703444841357
2005-07-18;-127.60883623222716
2005-07-19;-127.54816307374367
2005-07-20;-127.58653183240298
2005-07-21;-127.62571125825365
2005-07-22;-127.66406237759985
2005-07-23;-127.70241342711563
2005-07-24;-127.74076446561403
2005-07-25;-127.76768345722719
2005-07-26;-127.81011290827601
2005-07-27;-127.83382692643342
2005-07-28;-127.85738370986822
2005-07-29;-127.88092468603729
2005-07-30;-127.92331028555896
2005-07-31;-127.96586610832604
2005-08-01;-128.00843903790823
2005-08-02;-127.90877371333532
2005-08-03;-127.88734456529745
2005-08-04;-127.92922315330746
2005-08-05;-127.9717280726968
2005-08-06;-128.01198437138828
2005-08-07;-128.0416280365001
2005-08-08;-128.08408398717893
2005-08-09;-128.12664687242884
2005-08-10;-128.16922050853393
2005-08-11;-128.21179522030033
2005-08-12;-128.25437003963873
2005-08-13;-128.29394270431564
2005-08-14;-128.3117154426838
2005-08-15;-128.3440597832869
2005-08-16;-128.38561687702946
2005-08-17;-128.42817216272988
2005-08-18;-128.47074503494548
2005-08-19;-128.51314659144995
2005-08-20;-128.55255624859188
2005-08-21;-128.58552473093562
2005-08-22;-128.60730111821417
2005-08-23;-128.64967973673635
2005-08-24;-128.69180915796326
2005-08-25;-128.73313401716155
2005-08-26;-128.7756970165403
2005-08-27;-128.81827065904304
2005-08-28;-128.86084537139894
2005-08-29;-128.8990247348672
2005-08-30;-128.9371643713856
2005-08-31;-128.9753000155034
2005-09-01;-129.01343526018348
2005-09-02;-129.05157046491775
2005-09-03;-129.0897056656575
2005-09-04;-129.12784086599774
2005-09-05;-129.16597606629801
2005-09-06;-129.20411126659434
2005-09-07;-129.24224646689024
2005-09-08;-129.2803816671861
2005-09-09;-129.31851686748197
2005-09-10;-129.36104752370633
2005-09-11;-129.40253006618335
2005-09-12;-129.4457175298524
2005-09-13;-129.48891987106128
2005-09-14;-129.53212370764683
2005-09-15;-129.57532769384656
2005-09-16;-129.61853169500844
2005-09-17;-129.66486719800216
2005-09-18;-129.70747660034783
2005-09-19;-129.75005490560415
2005-09-20;-129.79263008446077
2005-09-21;-129.8352049505099
2005-09-22;-129.87777978527657
2005-09-23;-129.92035461691503
2005-09-24;-129.96292944824063
2005-09-25;-130.005504279535
2005-09-26;-130.04807911082617
2005-09-27;-130.09065394211706
2005-09-28;-130.13322877340795
2005-09-29;-130.17573962784468
2005-09-30;-130.218313880745
2005-10-01;-130.26077578861418
2005-10-02;-130.30307785339406
2005-10-03;-130.34536721712502
2005-10-04;-130.38789566575716
2005-10-05;-130.43046982040073
2005-10-06;-130.4730445838187
2005-10-07;-130.51561940832016
2005-10-08;-130.5581942389321
2005-10-09;-130.60076907015505
2005-10-10;-130.64334390143915
2005-10-11;-130.6859187327293
2005-10-12;-130.7284935640201
2005-10-13;-130.77106839531098
2005-10-14;-130.8136432266018
2005-10-15;-130.85621805789268
2005-10-16;-130.89879288918357
2005-10-17;-130.9412256633428
2005-10-18;-130.98379921034885
2005-10-19;-131.02637391257437
2005-10-20;-131.02225082988352
2005-10-21;-131.01770558075302
2005-10-22;-131.0131179056242
2005-10-23;-131.008525985795
2005-10-24;-131.05063154254353
2005-10-25;-131.09315923490396
2005-10-26;-131.13572935018001
2005-10-27;-131.17830370984817
2005-10-28;-131.22087849397656
2005-10-29;-131.26345332055118
2005-10-30;-131.30602815137038
2005-10-31;-131.34860298261407
2005-11-01;-131.3911778139002
2005-11-02;-131.4337526451906
2005-11-03;-131.47632747648143
2005-11-04;-131.5189023077723
2005-11-05;-131.62782445217772
2005-11-06;-131.6355714925421
2005-11-07;-131.64245870384576
2005-11-08;-131.64925947895384
2005-11-09;-131.65605160589422
2005-11-10;-131.66284286797233
2005-11-11;-131.66963404356383
2005-11-12;-131.67642521050658
2005-11-13;-131.6832163765845
2005-11-14;-131.69000754257598
2005-11-15;-131.69679870855873
2005-11-16;-131.70358987454068
2005-11-17;-131.74211251854547
2005-11-18;-131.7846181687086
2005-11-19;-131.82718606370665
2005-11-20;-131.82292562821138
2005-11-21;-131.8182424034845
2005-11-22;-131.86035126284366
2005-11-23;-131.9028792848675
2005-11-24;-131.96064931938812
2005-11-25;-132.01856098505937
2005-11-26;-132.06218276035713
2005-11-27;-132.10567664131307
2005-11-28;-132.15819470072637
2005-11-29;-132.21044416495027
2005-11-30;-132.26269855585758
2005-12-01;-132.31495343827498
2005-12-02;-132.36720836983176
2005-12-03;-132.41946330630236
2005-12-04;-132.506759443908
2005-12-05;-132.70632921791224
2005-12-06;-132.76205385749748
2005-12-07;-132.80474402608857
2005-12-08;-132.84698724681658
2005-12-09;-132.88787960875865
2005-12-10;-132.89859790987632
2005-12-11;-132.9090420961934
2005-12-12;-132.9194587357601
2005-12-13;-132.92987261929457
2005-12-14;-132.94028622721223
2005-12-15;-132.95069980756813
2005-12-16;-132.9611133851678
2005-12-17;-132.99896257563017
2005-12-18;-133.041188028359
2005-12-19;-133.08071716249333
2005-12-20;-133.12376488673596
2005-12-21;-133.16684270860318
2005-12-22;-133.20992355596897
2005-12-23;-133.2530047060426
2005-12-24;-133.29569989642155
2005-12-25;-133.33839160023848
2005-12-26;-133.38255333672168
2005-12-27;-133.42583456907806
2005-12-28;-133.47003164696005
2005-12-29;-133.51377509029794
2005-12-30;-133.5672548355523
2005-12-31;-133.69088690913455
2006-01-01;-133.73420366412793
2006-01-02;-133.78308055592046
2006-01-03;-133.83134119980247
2006-01-04;-133.8739732618763
2006-01-05;-133.9193358835963
2006-01-06;-133.96471848325322
2006-01-07;-134.01010309292306
2006-01-08;-134.05548790371677
2006-01-09;-134.10087273462415
2006-01-10;-134.14625756754288
2006-01-11;-134.19164240066274
2006-01-12;-134.23702723380268
2006-01-13;-134.28241206694466
2006-01-14;-134.32779690008684
2006-01-15;-134.37318173322905
2006-01-16;-134.41856656637123
2006-01-17;-134.7212761300491
2006-01-18;-134.76620529688734
2006-01-19;-134.80976087074004
2006-01-20;-134.89233719905397
2006-01-21;-134.97524753512485
2006-01-22;-135.0251610759233
2006-01-23;-135.07357916504614
2006-01-24;-135.12195673001992
2006-01-25;-135.17033023571258
2006-01-26;-135.21870333540826
2006-01-27;-135.24538471143268
2006-01-28;-135.27186997709472
2006-01-29;-135.29833553447313
2006-01-30;-135.32479912004743
2006-01-31;-135.35126250843163
2006-02-01;-135.37772587709668
2006-02-02;-135.4041892437898
2006-02-03;-135.43065261028576
2006-02-04;-135.457115976762
2006-02-05;-135.48357934323624
2006-02-06;-135.51004270971032
2006-02-07;-135.53650607618437
2006-02-08;-135.5629694426584
2006-02-09;-135.5978470423734
2006-02-10;-135.63874251650464
2006-02-11;-135.67515327433264
2006-02-12;-135.721093462054
2006-02-13;-135.7671166038684
2006-02-14;-135.81314808376902
2006-02-15;-135.8591803979064
2006-02-16;-135.92361234547081
2006-02-17;-135.97473190463487
2006-02-18;-136.02221617904652
2006-02-19;-136.065022419746
2006-02-20;-136.10778248699032
2006-02-21;-136.15053791594246
2006-02-22;-136.19329288085524
2006-02-23;-136.236047799362
2006-02-24;-136.28354523289835
2006-02-25;-136.3310855412973
2006-02-26;-136.3903973125131
2006-02-27;-136.43312793325367
2006-02-28;-136.47652072448724
2006-03-01;-136.5195105026039
2006-03-02;-136.56356210266304
2006-03-03;-136.6097296983328
2006-03-04;-136.67670590912056
2006-03-05;-136.72864229403
2006-03-06;-136.77726182777602
2006-03-07;-136.82096699218496
2006-03-08;-136.90538902845208
2006-03-09;-136.94834365308287
2006-03-10;-137.0136713528523
2006-03-11;-137.0704159847062
2006-03-12;-137.1174023849211
2006-03-13;-137.1605643180483
2006-03-14;-137.20368309132164
2006-03-15;-137.2467975314449
2006-03-16;-137.28991153808096
2006-03-17;-137.33302550136656
2006-03-18;-137.37613946031706
2006-03-19;-137.4192534188341
2006-03-20;-137.4623673773078
2006-03-21;-137.50548133577715
2006-03-22;-137.54846820787154
2006-03-23;-137.60099811775183
2006-03-24;-137.64404459355
2006-03-25;-137.69046094020635
2006-03-26;-137.73307164306166
2006-03-27;-137.77633422277648
2006-03-28;-137.85965949143028
2006-03-29;-137.9026465466256
2006-03-30;-137.94676777745187
2006-03-31;-137.99093164485072
2006-04-01;-138.03372896815043
2006-04-02;-138.0764126292884
2006-04-03;-138.12099932471057
2006-04-04;-138.18291729692402
2006-04-05;-138.244993510118
2006-04-06;-138.28776079147343
2006-04-07;-138.3505269049179
2006-04-08;-138.4134579869456
2006-04-09;-138.4764056553967
2006-04-10;-138.53527161956723
2006-04-11;-138.59116901803762
2006-04-12;-138.6338794474445
2006-04-13;-138.67388143878918
2006-04-14;-138.7164342494302
2006-04-15;-138.753482278817
2006-04-16;-138.77972199947268
2006-04-17;-138.82214456326102
2006-04-18;-138.864704094545
2006-04-19;-138.88649326080932
2006-04-20;-138.90809590323138
2006-04-21;-138.92967980009777
2006-04-22;-138.95126182147376
2006-04-23;-138.991491998374
2006-04-24;-139.00891231613866
2006-04-25;-139.0261418355713
2006-04-26;-139.04335217299345
2006-04-27;-139.0850713829329
2006-04-28;-139.12312286642188
2006-04-29;-139.16376712442417
2006-04-30;-139.20181339969173
2006-05-01;-139.2398382229132
2006-05-02;-139.27786088929858
2006-05-03;-139.31588333988378
2006-05-04;-139.3539057688877
2006-05-05;-139.39192819573353
2006-05-06;-139.4344577298649
2006-05-07;-139.47702801102892
2006-05-08;-139.51960238710234
2006-05-09;-139.54370049975435
2006-05-10;-139.58563415843562
2006-05-11;-139.62818791596905
2006-05-12;-139.67076063692747
2006-05-13;-139.69957333858287
2006-05-14;-139.7399169155347
2006-05-15;-139.774497334475
2006-05-16;-139.80903415128117
2006-05-17;-139.81060521519737
2006-05-18;-139.81187784900877
2006-05-19;-139.85404471895473
2006-05-20;-139.89431884937252
2006-05-21;-139.93212477103387
2006-05-22;-139.9746542470998
2006-05-23;-140.0097291021048
2006-05-24;-140.05223571424008
2006-05-25;-140.09407586889319
2006-05-26;-140.13591561322255
2006-05-27;-140.17775531359032
2006-05-28;-140.21758992481614
2006-05-29;-140.25400524566345
2006-05-30;-140.29026293567946
2006-05-31;-140.32945810928726
2006-06-01;-140.3674430008606
2006-06-02;-140.40941039918903
2006-06-03;-140.45197564252126
2006-06-04;-140.4934909125593
2006-06-05;-140.53605607727056
2006-06-06;-140.5786299371573
2006-06-07;-140.62120467126013
2006-06-08;-140.6637794928317
2006-06-09;-140.70635432315063
2006-06-10;-140.7489291543443
2006-06-11;-140.79150398562544
2006-06-12;-140.8340788169153
2006-06-13;-140.87665364820612
2006-06-14;-140.91922847949698
2006-06-15;-140.96180331078784
2006-06-16;-141.0043781420787
2006-06-17;-141.04695297336957
2006-06-18;-140.66748555836995
2006-06-19;-140.7040166588598
2006-06-20;-140.7439596947813
2006-06-21;-140.78424578735812
2006-06-22;-140.8245662042943
2006-06-23;-140.86489005385346
2006-06-24;-140.90521424667674
2006-06-25;-140.94553847382645
2006-06-26;-140.9858627044088
2006-06-27;-141.0261869353344
2006-06-28;-141.06651116629436
2006-06-29;-141.10683539725775
2006-06-30;-141.1471596282215
2006-07-01;-141.18748385918525
2006-07-02;-141.227808090149
2006-07-03;-141.26813232111277
2006-07-04;-141.30845655207654
2006-07-05;-141.3487807830403
2006-07-06;-141.39133322048374
2006-07-07;-141.40613260379547
2006-07-08;-141.44845612305443
2006-07-09;-141.4910056986292
2006-07-10;-141.5335780030992
2006-07-11;-141.57615258169545
2006-07-12;-141.61872738771675
2006-07-13;-141.66130221648066
2006-07-14;-141.7038770475188
2006-07-15;-141.7464518787844
2006-07-16;-141.78902671007273
2006-07-17;-141.83160154136334
2006-07-18;-141.87417637265418
2006-07-19;-141.91675120394504
2006-07-20;-141.959326035236
2006-07-21;-142.00190086652685
2006-07-22;-142.04447569781772
2006-07-23;-141.9764569696048
2006-07-24;-141.90743840684982
2006-07-25;-141.83831936483128
2006-07-26;-141.76919026991177
2006-07-27;-141.70006016965237
2006-07-28;-141.63092996885854
2006-07-29;-141.67239331751503
2006-07-30;-141.71215469740142
2006-07-31;-141.64466374409548
2006-08-01;-141.68633279134605
2006-08-02;-141.72880813444394
2006-08-03;-141.77174204519918
2006-08-04;-141.8144090223856
2006-08-05;-141.857189623539
2006-08-06;-141.90031412562465
2006-08-07;-141.94291839930563
2006-08-08;-141.98616804775295
2006-08-09;-142.02946745383565
2006-08-10;-142.07235424192137
2006-08-11;-142.11652296117674
2006-08-12;-142.15929028095636
2006-08-13;-142.20387834889368
2006-08-14;-142.24698412260244
2006-08-15;-142.28932322595222
2006-08-16;-142.33165430067777
2006-08-17;-142.37422678726455
2006-08-18;-142.41680138298847
2006-08-19;-142.4581307555913
2006-08-20;-142.49450011213622
2006-08-21;-142.5342931836469
2006-08-22;-142.57411301317168
2006-08-23;-142.6150537826766
2006-08-24;-142.65600493111359
2006-08-25;-142.69157105893382
2006-08-26;-142.72708859773192
2006-08-27;-142.74109132035036
2006-08-28;-142.75353763077015
2006-08-29;-142.76928721339223
2006-08-30;-142.81275258385548
2006-08-31;-142.85531082058043
2006-09-01;-142.89788399640904
2006-09-02;-142.94045866219383
2006-09-03;-142.98303347693448
2006-09-04;-143.02705949513597
2006-09-05;-143.07109863447388
2006-09-06;-143.11513909243132
2006-09-07;-143.159179682316
2006-09-08;-143.20176909682846
2006-09-09;-143.24344242815246
2006-09-10;-143.28510627777402
2006-09-11;-143.32676917511188
2006-09-12;-143.36843197718008
2006-09-13;-143.41009476972093
2006-09-14;-143.451757561309
2006-09-15;-143.49342035280182
2006-09-16;-143.53191258423305
2006-09-17;-143.57444967674206
2006-09-18;-143.6118131871041
2006-09-19;-143.65434055969536
2006-09-20;-143.6786413563035
2006-09-21;-143.70278127945446
2006-09-22;-143.72690503358734
2006-09-23;-143.7510271699991
2006-09-24;-143.77514914463052
2006-09-25;-143.7992711030838
2006-09-26;-143.83043693860586
2006-09-27;-143.87289184178726
2006-09-28;-143.91323479257466
2006-09-29;-143.95356851371594
2006-09-30;-143.99390130244885
2006-10-01;-143.9972924890457
2006-10-02;-144.03566545720585
2006-10-03;-144.06580485266045
2006-10-04;-144.10826082183726
2006-10-05;-144.15081309330958
2006-10-06;-144.19316014955186
2006-10-07;-144.23550631984332
2006-10-08;-144.27806578013175
2006-10-09;-144.32062716053858
2006-10-10;-144.3631887339138
2006-10-11;-144.40575032659547
2006-10-12;-144.4483119212078
2006-10-13;-144.4908735160132
2006-10-14;-144.533435110838
2006-10-15;-144.57317378112924
2006-10-16;-144.61288693042763
2006-10-17;-144.65259751497112
2006-10-18;-144.69230784291213
2006-10-19;-144.7320181451916
2006-10-20;-144.77172844490494
2006-10-21;-144.81143874436162
2006-10-22;-144.85114904379267
2006-10-23;-144.89085934322117
2006-10-24;-144.93056964264932
2006-10-25;-144.95680090550547
2006-10-26;-144.98291030949014
2006-10-27;-145.00900746715888
2006-10-28;-145.0351033995897
2006-10-29;-145.0611992094907
2006-10-30;-145.099687114253
2006-10-31;-145.13828705014336
2006-11-01;-145.1768982447024
2006-11-02;-145.21477065405375
2006-11-03;-145.25263648679189
2006-11-04;-145.29050165855162
2006-11-05;-145.32836676418023
2006-11-06;-145.36623186319542
2006-11-07;-145.40409696154921
2006-11-08;-145.4419620598369
2006-11-09;-145.47982715811796
2006-11-10;-145.48580890370854
2006-11-11;-145.49150240396648
2006-11-12;-145.5045311623779
2006-11-13;-145.54680559723536
2006-11-14;-145.56377686166132
2006-11-15;-145.62153970201925
2006-11-16;-145.67965265037378
2006-11-17;-145.73780079218102
2006-11-18;-145.79595245516617
2006-11-19;-145.85410447028747
2006-11-20;-145.89683429362384
2006-11-21;-145.99946188140422
2006-11-22;-146.0507707428412
2006-11-23;-146.0948917642884
2006-11-24;-146.14142967913685
2006-11-25;-146.1842946772598
2006-11-26;-146.2271276131149
2006-11-27;-146.26995732633117
2006-11-28;-146.31278671711888
2006-11-29;-146.3556160756621
2006-11-30;-146.39821379809376
2006-12-01;-146.44080942609767
2006-12-02;-146.48340484362038
2006-12-03;-146.52600024008447
2006-12-04;-146.58654309165192
2006-12-05;-146.6308586438947
2006-12-06;-146.68407422255794
2006-12-07;-146.72676714188924
2006-12-08;-146.776384634025
2006-12-09;-146.85505878605647
2006-12-10;-146.90003486404268
2006-12-11;-146.94284746642745
2006-12-12;-146.9856148742674
2006-12-13;-147.01839446770782
2006-12-14;-147.05108335300355
2006-12-15;-147.08376312272705
2006-12-16;-147.11644198044428
2006-12-17;-147.1450655390021
2006-12-18;-147.1875052421144
2006-12-19;-147.229886432734
2006-12-20;-147.27227821265447
2006-12-21;-147.314671051319
2006-12-22;-147.35706399585607
2006-12-23;-147.39945695098035
2006-12-24;-147.44184990716334
2006-12-25;-147.48424286345224
2006-12-26;-147.52663581975173
2006-12-27;-147.56902877605236
2006-12-28;-147.61142173235302
2006-12-29;-147.65381468865368
2006-12-30;-147.69620764495437
2006-12-31;-147.738600601255
2007-01-01;-147.78117362285946
2007-01-02;-147.82054711140952
2007-01-03;-147.86299294774844
2007-01-04;-147.90430350730384
2007-01-05;-147.94593288927948
2007-01-06;-147.98392977275304
2007-01-07;-148.02189401343142
2007-01-08;-148.06438661702902
2007-01-09;-148.10475574309356
2007-01-10;-148.14731018672182
2007-01-11;-148.18988296937619
2007-01-12;-148.22518999476753
2007-01-13;-148.25125479891463
2007-01-14;-148.27723005547168
2007-01-15;-148.3031963158021
2007-01-16;-148.32916167609383
2007-01-17;-148.35512694637754
2007-01-18;-148.3810922076604
2007-01-19;-148.4105225950868
2007-01-20;-148.38142886892769
2007-01-21;-148.35180891339505
2007-01-22;-148.38586072972168
2007-01-23;-148.41207681208707
2007-01-24;-148.4210815041414
2007-01-25;-148.46343352754775
2007-01-26;-148.50602494702693
2007-01-27;-148.54859709762383
2007-01-28;-148.5920812304431
2007-01-29;-148.63557382741715
2007-01-30;-148.67906727488233
2007-01-31;-148.72256080743753
2007-02-01;-148.76605434850217
2007-02-02;-148.80954789041772
2007-02-03;-148.8530414324184
2007-02-04;-148.94336945140162
2007-02-05;-149.0341208831781
2007-02-06;-149.12491486620058
2007-02-07;-149.17831916803954
2007-02-08;-149.2231606752461
2007-02-09;-149.26596815263647
2007-02-10;-149.31128733412444
2007-02-11;-149.35939638400706
2007-02-12;-149.4134303189651
2007-02-13;-149.46308603258078
2007-02-14;-149.5161935376108
2007-02-15;-149.56023498989717
2007-02-16;-149.6048421420613
2007-02-17;-149.6494471461061
2007-02-18;-149.6940519378235
2007-02-19;-149.7386567083332
2007-02-20;-149.78326147672232
2007-02-21;-149.8278662448994
2007-02-22;-149.87247101305525
2007-02-23;-149.917075781209
2007-02-24;-149.96168054936254
2007-02-25;-150.01234050811124
2007-02-26;-150.07359398606576
2007-02-27;-150.12160980324128
2007-02-28;-150.1750370702155
2007-03-01;-150.22053470972287
2007-03-02;-150.27103793878806
2007-03-03;-150.32313049299222
2007-03-04;-150.36681610084926
2007-03-05;-150.41042734368665
2007-03-06;-150.4648646394581
2007-03-07;-150.51939912925263
2007-03-08;-150.56359530873186
2007-03-09;-150.60650973500205
2007-03-10;-150.66435137408826
2007-03-11;-150.7070647187544
2007-03-12;-150.74965346981713
2007-03-13;-150.7922296937718
2007-03-14;-150.83480466433588
2007-03-15;-150.87737950955415
2007-03-16;-150.9199543422378
2007-03-17;-150.96252917366795
2007-03-18;-151.00510400497274
2007-03-19;-151.0632521382658
2007-03-20;-151.1264298979366
2007-03-21;-151.17403356363556
2007-03-22;-151.21887992529233
2007-03-23;-151.28046476458653
2007-03-24;-151.3261631330639
2007-03-25;-151.36878399050184
2007-03-26;-151.41136512093917
2007-03-27;-151.45394226474892
2007-03-28;-151.49651900975627
2007-03-29;-151.5390957148819
2007-03-30;-151.58173687762329
2007-03-31;-151.6243786227388
2007-04-01;-151.66791254840103
2007-04-02;-151.7114545452567
2007-04-03;-151.75499735323115
2007-04-04;-151.79850165682498
2007-04-05;-151.841085770803
2007-04-06;-151.88366153453
2007-04-07;-151.9262364591063
2007-04-08;-151.96881129972613
2007-04-09;-152.01138613194988
2007-04-10;-152.05396096333402
2007-04-11;-152.0965357946342
2007-04-12;-152.139110625926
2007-04-13;-152.18168545721696
2007-04-14;-152.22426028850782
2007-04-15;-152.2668351197987
2007-04-16;-152.30940995108958
2007-04-17;-152.35198478238044
2007-04-18;-152.3945596136713
2007-04-19;-152.43713444496217
2007-04-20;-152.47970927625303
2007-04-21;-152.5222841075439
2007-04-22;-152.56485893883476
2007-04-23;-152.60743377012562
2007-04-24;-152.6500086014165
2007-04-25;-152.69258343270735
2007-04-26;-152.73515826399822
2007-04-27;-152.77773309528908
2007-04-28;-152.82448348189047
2007-04-29;-152.8712716181081
2007-04-30;-152.91806354800707
2007-05-01;-152.964855857462
2007-05-02;-153.0116482048744
2007-05-03;-153.0592019274643
2007-05-04;-153.10182560701233
2007-05-05;-153.14440534545167
2007-05-06;-153.19394400731144
2007-05-07;-153.2365818406183
2007-05-08;-153.45339023952826
2007-05-09;-153.49721988997553
2007-05-10;-153.5399501764906
2007-05-11;-153.58254055970204
2007-05-12;-153.62511694624888
2007-05-13;-153.66769193306604
2007-05-14;-153.71026677990952
2007-05-15;-153.75047632784637
2007-05-16;-153.7930297756465
2007-05-17;-153.82082021201867
2007-05-18;-153.8632611876131
2007-05-19;-153.90582256706196
2007-05-20;-153.9483960525037
2007-05-21;-153.99097074920303
2007-05-22;-154.03354556703465
2007-05-23;-154.0761203969796
2007-05-24;-154.11869522813586
2007-05-25;-154.16127005941325
2007-05-26;-154.20384489070278
2007-05-27;-154.2464197219935
2007-05-28;-154.28899455328437
2007-05-29;-154.35511691078915
2007-05-30;-154.3979046263582
2007-05-31;-154.44050085164437
2007-06-01;-154.4955558392816
2007-06-02;-154.54044614499065
2007-06-03;-154.58592955668357
2007-06-04;-154.63141084868812
2007-06-05;-154.67689193129274
2007-06-06;-154.72237299298317
2007-06-07;-154.7678540525824
2007-06-08;-154.8126814125041
2007-06-09;-154.85750286255526
2007-06-10;-154.90010010753366
2007-06-11;-154.94267719026342
2007-06-12;-154.98525224679918
2007-06-13;-155.02782710061555
2007-06-14;-155.07040193415898
2007-06-15;-155.11297676567509
2007-06-16;-155.1555515969885
2007-06-17;-155.19879459002183
2007-06-18;-155.24204362365072
2007-06-19;-155.28462510259442
2007-06-20;-155.32699554184217
2007-06-21;-155.36956858607405
2007-06-22;-155.41214323774003
2007-06-23;-155.4547180510592
2007-06-24;-155.49729288055278
2007-06-25;-155.53986771166393
2007-06-26;-155.5824425429368
2007-06-27;-155.59876590926348
2007-06-28;-155.6311588092114
2007-06-29;-155.6636752826956
2007-06-30;-155.69620418545895
2007-07-01;-155.72873433187198
2007-07-02;-155.68802411575425
2007-07-03;-155.7298368612131
2007-07-04;-155.77233511053635
2007-07-05;-155.81408072174153
2007-07-06;-155.85664735940418
2007-07-07;-155.8992213676487
2007-07-08;-155.9413888280154
2007-07-09;-155.98395996892967
2007-07-10;-156.0083416126641
2007-07-11;-156.0321823376874
2007-07-12;-156.07457275558576
2007-07-13;-156.11712906146846
2007-07-14;-156.15970203937505
2007-07-15;-156.20227668531902
2007-07-16;-156.24485149807515
2007-07-17;-156.28742632751246
2007-07-18;-156.33000115861805
2007-07-19;-156.37257598989035
2007-07-20;-156.41515082117934
2007-07-21;-156.45772565247003
2007-07-22;-156.5003004837609
2007-07-23;-156.54287531505176
2007-07-24;-156.53383836454822
2007-07-25;-156.5759465932408
2007-07-26;-156.61847453288763
2007-07-27;-156.66104467269253
2007-07-28;-156.7036190348116
2007-07-29;-156.74619381918504
2007-07-30;-156.78876864578416
2007-07-31;-156.83093948571297
2007-08-01;-156.8731066737352
2007-08-02;-156.91527349475558
2007-08-03;-156.95784426995047
2007-08-04;-157.00041869380223
2007-08-05;-157.04299348433082
2007-08-06;-157.08556831154527
2007-08-07;-157.1281431424285
2007-08-08;-157.17071797367868
2007-08-09;-157.21084367195598
2007-08-10;-157.25145116768232
2007-08-11;-157.29206099418374
2007-08-12;-157.33461624979063
2007-08-13;-157.37718911470384
2007-08-14;-157.4183142722587
2007-08-15;-157.45942650269282
2007-08-16;-157.5005374339175
2007-08-17;-157.54309771216583
2007-08-18;-157.53635112592877
2007-08-19;-157.52915997224235
2007-08-20;-157.57124409642623
2007-08-21;-157.5787985001498
2007-08-22;-157.62105223900488
2007-08-23;-157.66359480424836
2007-08-24;-157.70616640736122
2007-08-25;-157.74874091581853
2007-08-26;-157.79131571482588
2007-08-27;-157.83389054288838
2007-08-28;-157.8764653738564
2007-08-29;-157.919040205115
2007-08-30;-157.9477224051383
2007-08-31;-157.99017163840412
2007-09-01;-158.03273384760953
2007-09-02;-158.07530741606692
2007-09-03;-158.1178821210682
2007-09-04;-158.11924351926274
2007-09-05;-158.15350310732978
2007-09-06;-158.19596868776554
2007-09-07;-158.2094146952869
2007-09-08;-158.22260732515502
2007-09-09;-158.23577448708983
2007-09-10;-158.2489391009251
2007-09-11;-158.26210345993738
2007-09-12;-158.30210573526827
2007-09-13;-158.3423506397319
2007-09-14;-158.38261992742778
2007-09-15;-158.42123689390164
2007-09-16;-158.4598391442745
2007-09-17;-158.4984399156189
2007-09-18;-158.54097521915938
2007-09-19;-158.58354607985663
2007-09-20;-158.6261205139093
2007-09-21;-158.66869530547456
2007-09-22;-158.71127013279283
2007-09-23;-158.75384496368645
2007-09-24;-158.79641979493758
2007-09-25;-158.83899462622446
2007-09-26;-158.87305792738775
2007-09-27;-158.91303360853317
2007-09-28;-158.95138082671838
2007-09-29;-158.99358441794425
2007-09-30;-159.033285068229
2007-10-01;-159.06376593646584
2007-10-02;-159.09416166477797
2007-10-03;-159.1245488377389
2007-10-04;-159.15493515474978
2007-10-05;-159.1973887168619
2007-10-06;-159.2328409289259
2007-10-07;-159.26823982107345
2007-10-08;-159.3036333498949
2007-10-09;-159.3390263420694
2007-10-10;-159.37441928057598
2007-10-11;-159.40981221371587
2007-10-12;-159.445205146319
2007-10-13;-159.48059807886847
2007-10-14;-159.51599101141255
2007-10-15;-159.55138394395607
2007-10-16;-159.58677687649956
2007-10-17;-159.62216980904304
2007-10-18;-159.66467317924736
2007-10-19;-159.70479633033509
2007-10-20;-159.7291316997919
2007-10-21;-159.75998161995872
2007-10-22;-159.7998458190903
2007-10-23;-159.82710873710164
2007-10-24;-159.8542655657535
2007-10-25;-159.881411728998
2007-10-26;-159.90855682513515
2007-10-27;-159.9357018145559
2007-10-28;-159.96284679330498
2007-10-29;-159.98999177098688
2007-10-30;-160.017136748562
2007-10-31;-160.05923692631382
2007-11-01;-160.09857999100677
2007-11-02;-160.1379104948297
2007-11-03;-160.17723973027162
2007-11-04;-160.21656883875207
2007-11-05;-160.23988222256762
2007-11-06;-160.2630508131191
2007-11-07;-160.29316289705477
2007-11-08;-160.33560753895853
2007-11-09;-160.37777563121273
2007-11-10;-160.41902703281957
2007-11-11;-160.45756051351614
2007-11-12;-160.4980832030837
2007-11-13;-160.53986687552867
2007-11-14;-160.57567033214494
2007-11-15;-160.614593688424
2007-11-16;-160.6574589191944
2007-11-17;-160.7003619264568
2007-11-18;-160.74326872907574
2007-11-19;-160.78617591140804
2007-11-20;-160.82908313171342
2007-11-21;-160.87199035581614
2007-11-22;-160.91489758029854
2007-11-23;-160.957804804819
2007-11-24;-161.0032459905101
2007-11-25;-161.0469659296972
2007-11-26;-161.09059013139003
2007-11-27;-161.1342122349895
2007-11-28;-161.17783412833344
2007-11-29;-161.2214560006474
2007-11-30;-161.26507787085836
2007-12-01;-161.3114476078387
2007-12-02;-161.37022708697023
2007-12-03;-161.45451676711932
2007-12-04;-161.50988895522127
2007-12-05;-161.5563009800586
2007-12-06;-161.59934396185974
2007-12-07;-161.64328981090833
2007-12-08;-161.68660211694538
2007-12-09;-161.7310357838516
2007-12-10;-161.77834177197371
2007-12-11;-161.8232200727601
2007-12-12;-161.8672080086058
2007-12-13;-161.90988986217755
2007-12-14;-161.9525590095035
2007-12-15;-161.9952268803533
2007-12-16;-162.03789462349673
2007-12-17;-162.08056235386897
2007-12-18;-162.1232300829641
2007-12-19;-162.16589781193153
2007-12-20;-162.20856554088613
2007-12-21;-162.25123326983947
2007-12-22;-162.2939009987927
2007-12-23;-162.3365687277459
2007-12-24;-162.37923645669912
2007-12-25;-162.42190418565235
2007-12-26;-162.46457191460556
2007-12-27;-162.50723964355876
2007-12-28;-162.54990737251197
2007-12-29;-162.59257510146517
2007-12-30;-162.63524283041838
2007-12-31;-162.67791055937158
